usindex,examiner_art_unit,uspc_class,rejection,allowance
2003149,3611,180,0.5273881935060378,0.4726118064939622
2523244,3764,602,0.6018550679365896,0.3981449320634104
8324643,3739,606,0.48896877686695595,0.511031223133044
10044937,3734,224,0.7280478636217008,0.2719521363782992
4881881,2831,174,0.5157218907933614,0.48427810920663866
5569139,3767,604,0.7242405422460505,0.2757594577539495
2599143,2912,D09,0.01267110645222258,0.9873288935477774
8296902,2858,324,0.5211605573005091,0.4788394426994908
7884730,3742,099,0.6064792572546176,0.39352074274538246
8571989,3637,211,0.7245076763609477,0.27549232363905224
3338474,2871,349,0.41924868497427636,0.5807513150257236
1747493,2904,D29,0.02734994211176256,0.9726500578882374
820416,2104,219,0.6202806058187535,0.37971939418124645
952990,2901,D13,0.012971367863819472,0.9870286321361805
15173536,2617,370,0.6546058316329298,0.34539416836707015
14309092,1106,252,0.5768701985708902,0.4231298014291098
7978209,3741,060,0.49332196276892837,0.5066780372310716
2871526,2914,D03,0.01909929786624942,0.9809007021337506
4293019,2123,703,0.5476012647989675,0.45239873520103246
100970,2506,250,0.48014370397316897,0.519856296026831
4459717,2913,D20,0.02990230270078642,0.9700976972992136
9314232,2684,340,0.46028331630999897,0.539716683690001
423948,2504,307,0.4325210801436009,0.5674789198563991
5693757,2852,399,0.33227064507926174,0.6677293549207383
4188781,1792,427,0.7498968827189599,0.25010311728104007
6698889,1731,106,0.5505392649417483,0.4494607350582517
7702637,3776,132,0.7008880328162288,0.29911196718377125
10055352,2441,709,0.3459006326769135,0.6540993673230865
6554024,2188,711,0.42356699686096166,0.5764330031390383
4483413,3754,482,0.547143027091686,0.45285697290831395
7378228,2497,726,0.2537029566758152,0.7462970433241848
2009949,2845,341,0.36738262665863153,0.6326173733413685
2273734,1751,510,0.756654320186047,0.24334567981395308
4602657,2468,370,0.4320941242744708,0.5679058757255292
3856239,2819,341,0.3553068177459412,0.6446931822540588
10359079,1627,514,0.6830001095498962,0.3169998904501038
1486219,2104,341,0.5330700758380926,0.4669299241619074
9737878,2493,726,0.324702437022932,0.675297562977068
8247166,1774,422,0.5149262789416718,0.48507372105832824
15755543,3743,034,0.6093831141019102,0.3906168858980898
1772424,1502,424,0.5274328649958095,0.4725671350041904
4197228,2853,347,0.40395342325934425,0.5960465767406558
2539028,2913,D06,0.01921734810914777,0.9807826518908522
6150544,2186,711,0.4691542708009049,0.5308457291990951
8470202,1736,423,0.5072278816713136,0.4927721183286864
8939700,2484,386,0.47366147345315124,0.5263385265468488
4026153,1753,204,0.6101914465307255,0.38980855346927445
7752628,2126,700,0.5827628373276267,0.4172371626723733
7366084,3736,600,0.5734355400332949,0.42656445996670517
3806624,1647,435,0.6917918046491023,0.3082081953508977
9566577,1742,264,0.6195022810025544,0.38049771899744556
5844118,3747,701,0.37405410785139204,0.625945892148608
7842336,3781,220,0.7181005916222211,0.28189940837777894
15940418,2649,455,0.3809526966614417,0.6190473033385583
520060,3505,248,0.6810865334495874,0.31891346655041264
8506238,1785,428,0.5549488479899836,0.4450511520100164
4343682,2183,712,0.5474244137732367,0.45257558622676325
15486714,3736,600,0.5734355400332949,0.42656445996670517
1540742,3105,224,0.7805511326254058,0.2194488673745942
15170753,2855,073,0.47652390092609476,0.5234760990739052
5310024,3902,001,0.9999923676490821,7.63235091798465e-06
8301690,3766,607,0.5146867152628593,0.48531328473714075
2311639,2878,250,0.48944829023770875,0.5105517097622913
4890599,3711,473,0.6060779101531202,0.3939220898468799
9179447,3619,705,0.8330816398981796,0.16691836010182037
5096964,2853,399,0.5451563244916195,0.4548436755083804
5186396,3733,623,0.47775359990055244,0.5222464000994476
2645960,1635,536,0.7152176715342833,0.28478232846571677
2462495,1633,424,0.7103925506532018,0.2896074493467981
1198759,1111,252,0.6882315908132808,0.3117684091867192
7298561,2868,324,0.2945912523044121,0.7054087476955879
6614756,3767,604,0.7242405422460505,0.2757594577539495
9345148,2644,455,0.40757444727927483,0.5924255527207252
10411679,2194,700,0.4587732894757005,0.5412267105242995
1973962,2856,073,0.4370517773374216,0.5629482226625784
2659479,3746,060,0.6357025353875809,0.364297464612419
8944606,2875,362,0.5415486987984375,0.45845130120156247
10300301,2471,370,0.275210583822712,0.724789416177288
2784630,2183,712,0.5474244137732367,0.45257558622676325
6416072,2676,358,0.36803268132444833,0.6319673186755517
5671400,1645,514,0.7407218736202859,0.2592781263797141
4751183,2624,382,0.5545437895747299,0.44545621042527006
2156044,1613,558,0.6927868228688403,0.3072131771311597
3900770,1756,430,0.6000866704184622,0.3999133295815378
389272,2202,178,0.4220654549803007,0.5779345450196993
495157,2605,324,0.5511696843971342,0.4488303156028658
6696192,2887,235,0.3793150574111701,0.6206849425888299
34067,3102,410,0.6749912902528918,0.3250087097471082
4442048,2811,257,0.6168023095090628,0.3831976904909372
7791127,2913,D06,0.01921734810914777,0.9807826518908522
9479689,3792,607,0.6444903131632442,0.3555096868367557
8758318,3791,600,0.67800910287985,0.32199089712015005
4434451,2856,073,0.4370517773374216,0.5629482226625784
5704461,2453,709,0.4816149902046204,0.5183850097953796
1285750,2903,D19,0.017233612135348242,0.9827663878646518
9423241,2875,362,0.5415486987984375,0.45845130120156247
6164579,3901,001,0.9999863193972852,1.3680602714772279e-05
1834189,3108,384,0.5721345993891569,0.42786540061084305
7380285,2128,703,0.5696261860781955,0.43037381392180446
6334268,1644,530,0.6905263923068605,0.3094736076931395
9335091,2698,348,0.4561513417425336,0.5438486582574664
9405103,2919,D14,0.04398776997481024,0.9560122300251898
5886792,1645,424,0.6654829378825737,0.33451706211742627
8387530,2844,315,0.39860363137293653,0.6013963686270635
4257958,2161,707,0.5834826363127972,0.4165173636872028
3125182,3732,606,0.5043974456154214,0.4956025543845786
3820316,2622,348,0.6232863327886724,0.3767136672113276
4066399,2911,D26,0.013782451694632991,0.986217548305367
10431530,2829,257,0.379490817262765,0.620509182737235
14345874,1506,430,0.5111424385671781,0.48885756143282183
7557505,3726,029,0.5033391861924388,0.4966608138075612
2623689,1733,156,0.5944004812361331,0.4055995187638669
15085829,3643,452,0.5316924405580503,0.46830755944194963
5402257,1789,426,0.7719662773213116,0.22803372267868835
10208211,3715,463,0.5577487750126611,0.4422512249873389
418077,1301,156,0.5536700783302622,0.4463299216697378
1841240,1655,536,0.6513358828991901,0.3486641171008099
3794973,3754,222,0.5709000355720653,0.42909996442793474
2570238,2774,345,0.44937564484777537,0.5506243551522246
1026136,1809,435,0.7457155997014812,0.25428440029851884
10542728,2648,331,0.3160234618539727,0.6839765381460273
6570715,2818,438,0.4141924895417969,0.5858075104582031
9305756,2917,D21,0.022525818084753846,0.9774741819152462
3358634,1647,435,0.6917918046491023,0.3082081953508977
10251103,3754,222,0.5709000355720653,0.42909996442793474
3129400,3737,600,0.5472158182774025,0.45278418172259743
3191675,1725,164,0.6333059971494903,0.3666940028505096
5849439,3649,705,0.6371440494036923,0.3628559505963077
4419109,2628,345,0.5094275298566532,0.4905724701433468
7951960,3677,016,0.6312174824429219,0.36878251755707814
7492869,3903,001,0.9998829153353269,0.00011708466467309179
1248624,3302,128,0.7188589821724481,0.28114101782755185
7864142,2451,709,0.4208890381127398,0.5791109618872602
693004,3206,029,0.647212076282786,0.352787923717214
1873989,1752,430,0.7078037277582514,0.29219627224174866
2344648,2813,438,0.4427258270591933,0.5572741729408067
3576713,1626,548,0.606821592493296,0.39317840750670396
2428118,3672,166,0.5603649116631615,0.4396350883368385
4368948,1792,156,0.6799045215820454,0.32009547841795455
10126277,2895,438,0.37799121061834173,0.6220087893816583
4826435,2872,359,0.5251790915557636,0.4748209084442364
3812234,1772,428,0.6212427069440488,0.3787572930559512
3924044,2646,455,0.350473961980993,0.649526038019007
2480576,2763,395,0.4854508330165874,0.5145491669834126
5544670,2627,360,0.6902762130095977,0.30972378699040226
1926951,3311,606,0.6122773149573109,0.3877226850426891
9868785,2863,702,0.4834467728031535,0.5165532271968465
3429657,2611,375,0.5783931863725476,0.42160681362745245
4049977,1624,514,0.6274431002994121,0.372556899700588
8348691,2911,D26,0.013782451694632991,0.986217548305367
2361855,1763,156,0.5068445711179153,0.49315542888208475
820465,1201,071,0.6308691702394569,0.36913082976054307
14548312,5333,000,0.9996891470639383,0.00031085293606165784
81453,2305,360,0.44864972128621416,0.5513502787137858
8278497,3765,002,0.6444820934404472,0.35551790655955284
6725039,1771,044,0.6759317263987907,0.3240682736012093
10416645,1615,424,0.7151980914202243,0.2848019085797758
7097746,3673,005,0.6243828806087093,0.37561711939129067
16480324,2827,365,0.3912984562865841,0.6087015437134159
4395523,2913,D10,0.020636451256032196,0.9793635487439678
7246862,2694,345,0.48018366355865005,0.51981633644135
9964792,2921,D29,0.029960028034466624,0.9700399719655334
9369459,2855,374,0.43242968828356954,0.5675703117164305
1288764,1815,435,0.7180591966844003,0.28194080331559973
5978146,1621,562,0.5736435431434739,0.42635645685652607
7968348,3637,062,0.6603936788283029,0.33960632117169703
8242403,3748,060,0.38255369232915404,0.617446307670846
7113958,2854,400,0.5314934255779729,0.4685065744220271
9399266,1671,554,0.41111819429249985,0.5888818057075001
15167406,2811,257,0.6168023095090628,0.3831976904909372
3011712,2636,340,0.5248923377204742,0.4751076622795258
6531960,1759,204,0.46562347979095586,0.5343765202090441
5056226,3733,606,0.4838525519577783,0.5161474480422217
7363727,2443,709,0.4258542439966616,0.5741457560033384
3146991,2652,369,0.635639045737002,0.36436095426299797
1299676,1502,424,0.5274328649958095,0.4725671350041904
10414090,3679,166,0.4743398832547745,0.5256601167452255
7348179,2845,343,0.44676722496162247,0.5532327750383775
6725473,3624,705,0.8170480927900684,0.18295190720993157
7693323,1721,430,0.4771092079307596,0.5228907920692404
1584727,3404,122,0.5718176096215118,0.42818239037848815
9670818,2875,362,0.5415486987984375,0.45845130120156247
1241647,1308,210,0.713531613691748,0.286468386308252
16440461,2118,700,0.5324402925528251,0.46755970744717495
8071481,2865,702,0.5025716235803848,0.4974283764196152
1762431,5332,000,0.9997280361557376,0.00027196384426242875
8698255,2438,380,0.41773622735670124,0.5822637726432988
6378615,2911,D08,0.012098974648865335,0.9879010253511347
3722675,1647,514,0.7124116415601944,0.28758835843980557
6117463,2884,250,0.40954870028024815,0.5904512997197519
8307995,3753,137,0.5037514720711874,0.4962485279288126
353649,2605,374,0.5103771319386134,0.4896228680613865
5492537,3645,701,0.27234476631881566,0.7276552336811843
6346228,3735,600,0.544159757455774,0.45584024254422595
9396743,3732,002,0.8154101979733233,0.1845898020266767
7522166,3902,001,0.9999923676490821,7.63235091798465e-06
3860977,2851,396,0.6409397410252602,0.3590602589747398
361739,1506,430,0.5111424385671781,0.48885756143282183
15135623,1711,068,0.5542795295534074,0.4457204704465926
6666456,2898,257,0.2725834203726165,0.7274165796273835
14358819,5331,000,0.9997310898670633,0.000268910132936741
308164,3302,131,0.7140467616916426,0.28595323830835734
12939,2902,999,0.08768921635076987,0.9123107836492301
372670,3307,101,0.6929673050100925,0.3070326949899075
10053262,3619,005,0.7619049505275419,0.23809504947245805
9111863,2836,307,0.4228183717229027,0.5771816282770973
2584588,3743,431,0.6112745747761534,0.38872542522384657
7901007,2436,713,0.35572858236877414,0.6442714176312259
8556213,3616,280,0.5174963155233266,0.48250368447667336
4507523,3749,034,0.642165256359116,0.35783474364088397
25197,2407,112,0.5489194473442125,0.4510805526557875
4002800,1796,528,0.7091920337166967,0.2908079662833033
8484974,2431,726,0.5008498660654558,0.4991501339345442
3594807,1755,051,0.6375067099885443,0.36249329001145564
1735484,3503,242,0.7393108397507759,0.2606891602492241
2602324,3764,482,0.6506066904499961,0.34939330955000386
393037,1301,156,0.5536700783302622,0.4463299216697378
4750945,2831,324,0.4865354135479131,0.5134645864520869
7802617,3749,454,0.6799950384370868,0.32000496156291325
1166492,2101,999,0.5045723695039501,0.4954276304960498
8096664,2191,717,0.41513929269367944,0.5848607073063206
6185006,3777,600,0.5471397418627173,0.45286025813728276
3267789,3622,705,0.8609358359358585,0.13906416406414152
5817124,2817,333,0.41119273850525184,0.5888072614947482
3241548,2124,708,0.4438706151289824,0.5561293848710176
5484719,2893,257,0.3459087466757075,0.6540912533242925
890158,2104,361,0.6258521095624379,0.3741478904375622
3486609,1654,530,0.6421476810059301,0.35785231899406994
2621236,2664,370,0.37865195106993477,0.6213480489300652
8718385,3742,219,0.5181458926542073,0.4818541073457927
9726162,3785,601,0.7378709109331694,0.2621290890668306
1164943,2508,343,0.6506780389050522,0.34932196109494784
7083529,1717,118,0.5194025499685864,0.4805974500314136
7610142,1625,514,0.6366125238913567,0.36338747610864336
6546521,2454,709,0.3819727143609175,0.6180272856390825
7166376,2833,368,0.5047870623867838,0.49521293761321616
15090058,2617,455,0.6215104264794653,0.3784895735205347
3292870,2614,455,0.59328814243542,0.40671185756457995
4809187,3671,404,0.519577602830191,0.4804223971698089
4875297,2191,717,0.41513929269367944,0.5848607073063206
7972087,2913,D07,0.02371970605805962,0.9762802939419404
2326263,1744,015,0.6402006644465611,0.3597993355534389
3336652,2827,438,0.4918233179495278,0.5081766820504722
5097288,3616,280,0.5174963155233266,0.48250368447667336
4624523,2644,370,0.44259948385125714,0.5574005161487429
5525207,2679,345,0.4772550848540914,0.5227449151459086
1496021,2901,D10,0.007618465153511167,0.9923815348464888
7230814,3742,373,0.5684095772124264,0.43159042278757365
8841687,3715,434,0.7090142426893522,0.2909857573106478
6553402,3725,283,0.6752978666934031,0.32470213330659686
2334837,2836,361,0.44995878897564434,0.5500412110243557
2024567,2771,707,0.33620480469185166,0.6637951953081483
7240233,2897,438,0.32950888494946906,0.6704911150505309
9636622,3671,404,0.519577602830191,0.4804223971698089
1314553,2203,252,0.5029846169267118,0.4970153830732882
1140350,3501,285,0.579353763859969,0.42064623614003105
7656653,3653,271,0.4209672112932127,0.5790327887067873
1804796,3105,004,0.7521570703862296,0.2478429296137704
2694402,2861,347,0.5498582303272761,0.4501417696727239
4053374,1657,435,0.6685272594536119,0.3314727405463881
3827804,2863,359,0.5676229247459479,0.43237707525405206
5990431,3761,604,0.6305111424845348,0.36948885751546523
2906422,2829,324,0.5775011539577617,0.42249884604223825
9766023,3664,701,0.3955203781889972,0.6044796218110028
8052230,2913,D20,0.02990230270078642,0.9700976972992136
7408725,3779,600,0.5080357604213539,0.49196423957864616
1325804,2904,D22,0.016312845106168816,0.9836871548938312
1656976,2606,359,0.6728229338116988,0.3271770661883012
85391,3102,104,0.6145582143109711,0.3854417856890289
9915865,2433,726,0.33460901769452644,0.6653909823054736
8293345,2824,365,0.2913938098078449,0.7086061901921551
1951536,2912,D17,0.01669135485396589,0.9833086451460341
6407241,OPLC,405,0.9954561187698975,0.004543881230102493
2199234,3763,604,0.5387357695357557,0.4612642304642442
2843028,3723,081,0.6561403703257396,0.34385962967426037
7170417,2827,365,0.3912984562865841,0.6087015437134159
15877974,3672,175,0.5633356792257886,0.43666432077421136
16489485,1765,528,0.54885553110017,0.45114446889982995
8207323,3634,160,0.6716743209012954,0.3283256790987045
5676893,3673,005,0.6243828806087093,0.37561711939129067
743237,2101,355,0.568394424893085,0.431605575106915
3019038,2115,713,0.44446418964146794,0.5555358103585321
4940672,2159,707,0.4761686703325634,0.5238313296674366
1366375,2103,361,0.5116340032913343,0.48836599670866565
2887143,2882,378,0.4469307932130465,0.5530692067869535
4780523,2192,717,0.4817979120391128,0.5182020879608872
3748894,2818,438,0.4141924895417969,0.5858075104582031
962924,1501,525,0.5949871975906498,0.40501280240935017
9063404,2159,707,0.4761686703325634,0.5238313296674366
1107377,2608,379,0.6411365534049771,0.3588634465950229
2470596,2812,438,0.5143510507952376,0.4856489492047625
6887810,1761,510,0.651929638995342,0.34807036100465805
2400083,1751,510,0.756654320186047,0.24334567981395308
4530771,1792,426,0.804291327729677,0.1957086722703229
345340,2902,D06,0.005314186429762557,0.9946858135702374
879844,1302,426,0.5898587024428006,0.41014129755719947
8783625,3752,239,0.6030885542113763,0.3969114457886237
6077665,3902,001,0.9999923676490821,7.63235091798465e-06
8517353,3761,604,0.6305111424845348,0.36948885751546523
1386312,3202,439,0.6018968547329097,0.39810314526709034
588481,1102,204,0.5814854339872617,0.41851456601273823
3102406,3629,206,0.8318585342455321,0.1681414657544679
1381838,1513,428,0.6414334063927767,0.35856659360722337
9530877,3746,418,0.6680141914219435,0.33198580857805643
2212408,1752,430,0.7078037277582514,0.29219627224174866
10167348,2644,455,0.40757444727927483,0.5924255527207252
1323357,1206,549,0.6413089468669091,0.3586910531330909
5539411,1638,800,0.476255867145558,0.523744132854442
9795877,2684,340,0.46028331630999897,0.539716683690001
8683975,3748,060,0.38255369232915404,0.617446307670846
7519650,2815,257,0.44754403304383505,0.552455966956165
9319655,3747,123,0.501621683662812,0.498378316337188
6749992,2853,257,0.3733591784392005,0.6266408215607995
5358769,1729,429,0.5259087522891216,0.4740912477108784
357444,3207,999,0.580748644193249,0.419251355806751
7735841,3624,705,0.8170480927900684,0.18295190720993157
1706494,3738,623,0.5826798665014277,0.4173201334985724
7839811,3902,001,0.9999923676490821,7.63235091798465e-06
7217915,2896,257,0.42780711831925233,0.5721928816807477
4439562,2858,320,0.4314823636018461,0.5685176363981539
15170788,3735,600,0.544159757455774,0.45584024254422595
7147776,2875,362,0.5415486987984375,0.45845130120156247
10045599,2921,D02,0.03344610803516368,0.9665538919648363
14298455,2103,174,0.5918019671181289,0.4081980328818711
10377144,2849,331,0.5963575939210273,0.4036424060789728
3199922,2817,333,0.41119273850525184,0.5888072614947482
5936063,2612,340,0.614405791211132,0.385594208788868
2838841,2833,439,0.5328072408797928,0.46719275912020725
8173595,2872,359,0.5251790915557636,0.4748209084442364
1016616,1813,436,0.784682749317414,0.21531725068258598
6912310,2882,353,0.41118487779688495,0.588815122203115
5056633,3771,606,0.5724550071854928,0.42754499281450714
8889958,3744,062,0.596372444729135,0.4036275552708651
9746680,1623,536,0.658535454605046,0.34146454539495397
7598597,2132,711,0.3886859937906857,0.6113140062093143
5478530,2175,715,0.4718923215928774,0.5281076784071226
2462639,1732,264,0.6097886562437034,0.39021134375629657
1713025,1109,136,0.740550135940756,0.259449864059244
286702,1104,429,0.48549931691013515,0.5145006830898649
9719578,3792,600,0.6433973788942742,0.3566026211057258
7753288,2837,318,0.35782232545706505,0.642177674542935
7256435,2446,709,0.38430000057008373,0.6156999994299163
1554475,2515,330,0.5127784250278971,0.4872215749721029
6354378,2862,396,0.6595949829411427,0.3404050170588573
9527720,1786,428,0.5757213509925762,0.42427864900742385
3709200,1753,205,0.6200747907817705,0.3799252092182294
3354742,1639,435,0.7800991120279788,0.21990088797202123
2290463,1617,424,0.7026994875108419,0.2973005124891581
2758012,2856,073,0.4370517773374216,0.5629482226625784
9840298,2914,D23,0.014261106103077958,0.985738893896922
8011198,2453,709,0.4816149902046204,0.5183850097953796
2556590,2675,345,0.3332682298135885,0.6667317701864115
5451687,1791,425,0.708836985493321,0.291163014506679
8373441,3753,138,0.5607913774932904,0.43920862250670956
6722166,3902,001,0.9999923676490821,7.63235091798465e-06
8949260,2917,D32,0.011717875888496154,0.9882821241115038
4904058,3689,705,0.91820692640063,0.08179307359937005
7543982,3765,002,0.6444820934404472,0.35551790655955284
10534742,2924,D16,0.01278789253798951,0.9872121074620105
7819500,2891,438,0.4703140342669525,0.5296859657330475
10146977,1626,514,0.6098142256354173,0.3901857743645827
15281364,2811,257,0.6168023095090628,0.3831976904909372
4900487,1646,536,0.7279281798339585,0.2720718201660415
454095,1505,524,0.6244274327032182,0.37557256729678185
7216471,2485,375,0.4228556548045028,0.5771443451954972
10041020,1624,544,0.5604772094931001,0.43952279050689996
5794914,2914,D24,0.02295204200445411,0.9770479579955459
740665,3406,362,0.6344901412137341,0.36550985878626585
9528943,1793,426,0.7865270851366309,0.21347291486336903
4358327,2422,348,0.4681119125743999,0.5318880874256001
15923613,1778,210,0.6150141641816776,0.38498583581832235
5752078,2882,355,0.40968596447336103,0.590314035526639
1517889,3205,228,0.612199859370639,0.387800140629361
3703104,1771,428,0.6822735689989945,0.3177264310010055
7549711,3735,600,0.544159757455774,0.45584024254422595
6947109,2818,257,0.3569257239582023,0.6430742760417977
1601959,2411,364,0.43707240833327865,0.5629275916667213
8373098,2182,708,0.5154706856712898,0.4845293143287101
10260285,3763,165,0.6092875814566174,0.39071241854338257
7684490,2413,370,0.48220524149253374,0.5177947585074663
686613,3105,406,0.6669780028669783,0.3330219971330217
7702458,3778,128,0.42447526490703935,0.5755247350929606
901653,1805,435,0.7209363889561056,0.2790636110438944
8058508,2855,073,0.47652390092609476,0.5234760990739052
4893822,1792,134,0.715724510989685,0.284275489010315
5337316,3766,607,0.5146867152628593,0.48531328473714075
1525709,3303,119,0.6740575171963696,0.3259424828036304
1231452,2308,395,0.6623502997141726,0.33764970028582736
1448081,1101,134,0.5977927148268605,0.4022072851731396
5487519,2881,250,0.422980782883991,0.577019217116009
4083515,2911,D13,0.01727451195925611,0.9827254880407439
5646966,3671,037,0.5535218016751152,0.4464781983248848
6414486,2916,D09,0.019732698418928885,0.9802673015810711
3423373,2822,438,0.4371554116337977,0.5628445883662023
7774578,1622,549,0.5211422086892297,0.47885779131077033
5058281,2617,370,0.6546058316329298,0.34539416836707015
7778777,2913,D12,0.023352016637125383,0.9766479833628746
8152175,3644,244,0.4447608553806067,0.5552391446193933
4641062,2817,330,0.3587645550288211,0.6412354449711789
9332793,2113,714,0.40224270751286484,0.5977572924871352
3856410,2182,710,0.48853369957443926,0.5114663004255607
6214826,3901,001,0.9999863193972852,1.3680602714772279e-05
3743302,3672,166,0.5603649116631615,0.4396350883368385
5934379,2834,290,0.5583535859059605,0.44164641409403954
8926653,3761,219,0.6448522054611321,0.35514779453886797
3034902,3743,431,0.6112745747761534,0.38872542522384657
8335267,1628,424,0.5819181247686328,0.4180818752313672
4583848,2111,710,0.5096407860198402,0.4903592139801598
7373725,2856,073,0.4370517773374216,0.5629482226625784
1629377,3108,116,0.7315257305254073,0.2684742694745927
6143239,1648,435,0.6907698512147784,0.3092301487852216
4184337,1793,423,0.6766860798649705,0.3233139201350294
5447383,2466,370,0.3918865306322439,0.6081134693677561
3068930,3742,600,0.4718387983546297,0.5281612016453703
8580168,1677,436,0.5371178037327233,0.4628821962672766
3669974,3744,062,0.596372444729135,0.4036275552708651
7673948,1761,008,0.5665494982174069,0.43345050178259314
14352255,1102,204,0.5814854339872617,0.41851456601273823
6982871,1646,435,0.7613440266211327,0.23865597337886732
6878714,2128,703,0.5696261860781955,0.43037381392180446
882432,1205,424,0.5771298379738709,0.42287016202612915
1734704,2501,372,0.5807813410169653,0.4192186589830346
9335694,3664,701,0.3955203781889972,0.6044796218110028
14327723,1305,046,0.05945629564758659,0.9405437043524134
3373649,2616,370,0.6674149099740223,0.33258509002597775
7242018,3641,102,0.5378691860414124,0.4621308139585876
568584,1303,065,0.5697950658439919,0.43020493415600813
10607748,1795,430,0.6638685822119332,0.3361314177880667
5420516,2824,365,0.2913938098078449,0.7086061901921551
7029782,2696,345,0.44814982164120276,0.5518501783587972
3602928,2155,709,0.49961462198740536,0.5003853780125946
2559822,1612,546,0.7108439708687131,0.28915602913128696
1237630,3402,123,0.5585491888080956,0.4414508111919044
1404528,2504,307,0.4325210801436009,0.5674789198563991
8247865,3763,604,0.5387357695357557,0.4612642304642442
4450198,3633,052,0.5898961821829765,0.41010381781702354
5091943,2852,399,0.33227064507926174,0.6677293549207383
6879910,1764,008,0.6119485394014276,0.38805146059857243
8451716,2479,370,0.39360696579987364,0.6063930342001264
5246116,3902,001,0.9999923676490821,7.63235091798465e-06
10533194,3600,426,0.9998329342731791,0.00016706572682094134
7780771,3765,002,0.6444820934404472,0.35551790655955284
10169178,1632,424,0.7713655170679309,0.22863448293206912
5067891,3752,222,0.6394876235511655,0.3605123764488345
2108290,3723,081,0.6561403703257396,0.34385962967426037
5321661,2875,362,0.5415486987984375,0.45845130120156247
4030476,2627,369,0.7570187775133019,0.24298122248669807
973614,1308,210,0.713531613691748,0.286468386308252
3869773,1742,222,0.6452554215815429,0.35474457841845713
9871151,2688,340,0.34107958923021775,0.6589204107697822
8012177,2648,455,0.3432503525893461,0.6567496474106539
774949,2107,318,0.47304331476680284,0.5269566852331972
8354093,1674,514,0.4684112699131332,0.5315887300868668
8380921,2918,D14,0.01441803735317082,0.9855819626468292
856033,2104,200,0.5928067917325295,0.40719320826747046
9406017,2872,359,0.5251790915557636,0.4748209084442364
8243443,2414,370,0.729973368059863,0.27002663194013704
8795121,2854,073,0.4394435146555038,0.5605564853444962
3994789,2912,D21,0.01626942251021335,0.9837305774897867
2835604,2642,379,0.5693967759964633,0.43060322400353673
2433685,3661,701,0.4532962975763093,0.5467037024236907
3707446,2832,200,0.5714155278820647,0.42858447211793527
8241623,3667,701,0.23020433643894977,0.7697956635610502
698086,1201,548,0.6900045034918052,0.30999549650819486
6911025,2833,439,0.5328072408797928,0.46719275912020725
2182588,1752,430,0.7078037277582514,0.29219627224174866
7796241,2497,726,0.2537029566758152,0.7462970433241848
8964118,1618,424,0.7158814858925507,0.28411851410744926
9629076,2161,707,0.5834826363127972,0.4165173636872028
62699,3501,285,0.579353763859969,0.42064623614003105
5450314,2159,707,0.4761686703325634,0.5238313296674366
4459022,3744,165,0.6139067412547674,0.38609325874523265
5262236,2856,073,0.4370517773374216,0.5629482226625784
463757,3307,400,0.610062624820271,0.389937375179729
1946647,2746,455,0.3646400645325425,0.6353599354674575
3922053,1791,264,0.7441480512985617,0.2558519487014384
9326150,2865,702,0.5025716235803848,0.4974283764196152
6560613,3762,607,0.4259662802387455,0.5740337197612545
5132534,2676,358,0.36803268132444833,0.6319673186755517
4815736,3656,384,0.45278885548728864,0.5472111445127114
5460344,2431,726,0.5008498660654558,0.4991501339345442
5437789,2628,345,0.5094275298566532,0.4905724701433468
6537557,1624,514,0.6274431002994121,0.372556899700588
3930963,3749,034,0.642165256359116,0.35783474364088397
4756578,2861,347,0.5498582303272761,0.4501417696727239
2990320,2643,348,0.41263859106836753,0.5873614089316325
8240895,2836,361,0.44995878897564434,0.5500412110243557
3910222,2912,D14,0.009527844856746293,0.9904721551432537
4024069,2821,343,0.5361518683973645,0.46384813160263544
4699734,1661,PLT,0.040873584484641734,0.9591264155153583
6819786,2675,358,0.3988453803866253,0.6011546196133747
3038729,2852,399,0.33227064507926174,0.6677293549207383
10461189,2841,343,0.6118618887562337,0.38813811124376635
271600,2104,361,0.6258521095624379,0.3741478904375622
6043805,3772,128,0.6433480265874514,0.3566519734125486
8458696,2842,327,0.27280570563578355,0.7271942943642165
7720279,1799,422,0.5038085409978375,0.4961914590021625
5924826,2885,362,0.6475046801893736,0.35249531981062643
7589743,3748,415,0.31576985081583375,0.6842301491841662
10545896,2812,257,0.4539676916083195,0.5460323083916805
6520099,1717,427,0.5234334852876704,0.4765665147123296
7771305,1776,095,0.4399098815023449,0.5600901184976551
3764917,2911,D08,0.012098974648865335,0.9879010253511347
9719979,2621,345,0.5591493450637005,0.4408506549362995
4044115,2856,073,0.4370517773374216,0.5629482226625784
5170853,1626,514,0.6098142256354173,0.3901857743645827
6975008,3649,705,0.6371440494036923,0.3628559505963077
525390,2902,D02,0.009940467378038553,0.9900595326219614
6570266,3695,705,0.7086314126954814,0.2913685873045187
5982427,1777,210,0.56290523323504,0.43709476676495995
817810,2901,D12,0.008636090181895484,0.9913639098181045
6994825,3731,606,0.5033792924878044,0.4966207075121955
7876866,3651,221,0.6263744846438113,0.3736255153561887
2855366,3643,119,0.7128357567592304,0.2871642432407696
7394814,3716,463,0.3656023058548743,0.6343976941451257
1835483,3406,362,0.6344901412137341,0.36550985878626585
1338639,3204,030,0.6343218073364083,0.3656781926635917
9926708,1761,510,0.651929638995342,0.34807036100465805
455256,3203,269,0.6184064595202937,0.3815935404797063
8060089,1717,118,0.5194025499685864,0.4805974500314136
8795851,2427,725,0.5957062029421814,0.4042937970578186
5175282,2627,360,0.6902762130095977,0.30972378699040226
2289027,1636,435,0.7462008399364697,0.2537991600635303
6859973,2913,D02,0.03551491900930648,0.9644850809906935
8916134,2425,725,0.5573361538947406,0.4426638461052595
159177,2605,374,0.5103771319386134,0.4896228680613865
4540747,3611,280,0.6281476989150978,0.37185230108490225
7809910,3683,705,0.7688736755054203,0.2311263244945797
7590294,3723,451,0.5854641745671642,0.41453582543283585
8205748,2411,370,0.3829297725221139,0.6170702274778861
16423358,1762,524,0.5870681707661036,0.4129318292338964
2722826,2144,709,0.6714529802774754,0.3285470197225246
6310879,2828,372,0.5254585467398618,0.47454145326013825
2714229,2872,359,0.5251790915557636,0.4748209084442364
6437024,1624,544,0.5604772094931001,0.43952279050689996
7278201,2125,700,0.5061284293837023,0.49387157061629766
6194905,2875,362,0.5415486987984375,0.45845130120156247
7750398,2166,707,0.5336757650690402,0.4663242349309598
5114162,3738,623,0.5826798665014277,0.4173201334985724
5272808,2915,D12,0.02280978509574294,0.9771902149042571
9515996,2422,348,0.4681119125743999,0.5318880874256001
5855061,2183,712,0.5474244137732367,0.45257558622676325
8144179,2835,361,0.4739395753887201,0.5260604246112799
451721,2303,360,0.6255301048111268,0.3744698951888732
1973890,2851,355,0.5623137426420508,0.43768625735794914
8262731,2824,365,0.2913938098078449,0.7086061901921551
2780564,3644,047,0.6820181644982344,0.31798183550176556
2223667,2912,D09,0.01267110645222258,0.9873288935477774
8497152,2471,370,0.275210583822712,0.724789416177288
3511914,1672,564,0.4748475654363301,0.5251524345636699
454856,3505,182,0.6753953369191232,0.3246046630808767
3066041,1723,210,0.6788180246295494,0.3211819753704505
9189891,3635,297,0.41657847402511716,0.5834215259748828
926138,3105,169,0.6668571994435373,0.33314280055646267
743165,2604,313,0.5765109742499016,0.4234890257500984
513545,2608,073,0.7143548715879671,0.2856451284120329
3504292,2823,438,0.3949596238174792,0.6050403761825208
3233422,3661,700,0.536160807885001,0.463839192114999
5996221,3902,001,0.9999923676490821,7.63235091798465e-06
2908616,2612,348,0.5372080309691795,0.46279196903082054
5534081,2915,D29,0.03108770084962853,0.9689122991503715
4758245,2835,361,0.4739395753887201,0.5260604246112799
4931996,2817,333,0.41119273850525184,0.5888072614947482
4082320,CSDC,428,0.6565738237540937,0.3434261762459063
7351309,2645,455,0.33624794912915146,0.6637520508708485
16069963,2827,365,0.3912984562865841,0.6087015437134159
913742,3308,623,0.6178572578410646,0.38214274215893534
458841,3302,128,0.7188589821724481,0.28114101782755185
4789777,3618,180,0.48435089501039075,0.5156491049896093
5212726,3676,277,0.5422486062481474,0.4577513937518526
8833799,3745,415,0.4322925817739621,0.5677074182260379
8539100,3794,606,0.7089170922628444,0.2910829077371556
9794738,2127,703,0.49906522822510135,0.5009347717748986
10425145,1639,514,0.796548480625439,0.20345151937456102
912152,1803,536,0.6747169992430053,0.32528300075699473
4633364,2167,707,0.47272881214280815,0.5272711878571918
3387171,2884,378,0.4717708051188675,0.5282291948811325
10212438,2454,726,0.28910302292409673,0.7108969770759033
3829663,3622,705,0.8609358359358585,0.13906416406414152
368536,1307,264,0.5397344371350077,0.4602655628649924
2090276,3754,200,0.48317210607606065,0.5168278939239394
10414659,2924,D30,0.020806569691659837,0.9791934303083402
5130982,2176,715,0.5896890884268681,0.41031091157313193
2206104,1714,524,0.6406078533171788,0.3593921466828212
6194997,2122,706,0.6005715056116634,0.3994284943883366
4226967,2911,D26,0.013782451694632991,0.986217548305367
2092865,2754,360,0.6523657221284913,0.3476342778715087
10520347,3600,482,0.9997213712553524,0.00027862874464759614
4330423,2855,073,0.47652390092609476,0.5234760990739052
16483931,3735,206,0.7210344146098315,0.2789655853901685
791050,3403,415,0.494591841193176,0.505408158806824
5727620,1793,106,0.595592040397507,0.404407959602493
3367016,2913,D14,0.02450205844357245,0.9754979415564276
1386336,1506,430,0.5111424385671781,0.48885756143282183
5304749,1629,514,0.8300796945777414,0.16992030542225858
16484740,2122,706,0.6005715056116634,0.3994284943883366
3670939,2811,257,0.6168023095090628,0.3831976904909372
1446691,2603,375,0.39164896208427213,0.6083510379157279
6589784,2854,101,0.6207172762951003,0.3792827237048996
9267791,3754,004,0.6229616623390356,0.3770383376609644
3876985,1745,429,0.5130939169262052,0.48690608307379474
5414973,2855,073,0.47652390092609476,0.5234760990739052
6200118,2824,365,0.2913938098078449,0.7086061901921551
6020342,3901,001,0.9999863193972852,1.3680602714772279e-05
9002904,2142,715,0.5410495553976495,0.4589504446023504
1721213,1636,435,0.7462008399364697,0.2537991600635303
6744674,2913,D19,0.023235314938162555,0.9767646850618374
7894546,2646,455,0.350473961980993,0.649526038019007
4240215,3611,180,0.5273881935060378,0.4726118064939622
12301,3506,052,0.7705521205963143,0.22944787940368572
15218153,1621,554,0.5857578541382429,0.4142421458617571
7162098,2625,345,0.5774320498488471,0.4225679501511529
7736150,3672,405,0.6616443154297905,0.3383556845702095
2751453,2673,345,0.43947988239781854,0.5605201176021815
132551,3505,005,0.5746310335580795,0.42536896644192046
2199469,1653,435,0.7582171800356712,0.2417828199643288
3569887,3686,705,0.7040586109717374,0.2959413890282626
4393551,2881,250,0.422980782883991,0.577019217116009
10029170,3600,706,0.9997324105176006,0.0002675894823993797
5762441,2467,370,0.3220943767349247,0.6779056232650753
3485896,1624,544,0.5604772094931001,0.43952279050689996
5884318,2114,714,0.3655398635140956,0.6344601364859044
928580,1808,424,0.6984929027571709,0.30150709724282915
8625438,1661,PLT,0.040873584484641734,0.9591264155153583
1093199,2502,333,0.5469496273164842,0.4530503726835158
9434258,1629,514,0.8300796945777414,0.16992030542225858
8899517,3628,705,0.7889326721705783,0.21106732782942175
3548384,2627,369,0.7570187775133019,0.24298122248669807
8109423,2424,725,0.47007215945475733,0.5299278405452427
10288627,3600,600,0.9996137578820874,0.0003862421179126078
2070869,2739,370,0.384541137377421,0.615458862622579
5829990,3711,434,0.6587181139608225,0.3412818860391775
8042761,1715,427,0.5861485518163849,0.4138514481836151
9107078,3671,056,0.5175927755051258,0.48240722449487417
16385583,3781,604,0.6315361660163126,0.3684638339836874
2957204,2877,356,0.5555276271876146,0.4444723728123854
9257604,2687,340,0.383456719437997,0.616543280562003
8127320,1736,423,0.5072278816713136,0.4927721183286864
8017782,3788,206,0.6122560149976395,0.38774398500236057
4147704,3745,416,0.4798336067915858,0.5201663932084142
10107903,2684,340,0.46028331630999897,0.539716683690001
10145946,2917,D08,0.013233952117963743,0.9867660478820363
7679446,1759,422,0.4656461221808369,0.5343538778191631
15510543,2811,257,0.6168023095090628,0.3831976904909372
6488083,2647,455,0.3277639414078579,0.6722360585921421
8519126,2454,709,0.3819727143609175,0.6180272856390825
6938307,3726,029,0.5033391861924388,0.4966608138075612
3056469,2914,D11,0.025202329682497804,0.9747976703175022
9782042,2914,D08,0.0165697531509158,0.9834302468490842
1396054,1101,266,0.5494480691248583,0.45055193087514167
7200918,3788,215,0.5316407488513353,0.46835925114866467
2471937,3623,705,0.7909369975559457,0.2090630024440543
3289144,1651,424,0.6500615155863156,0.34993848441368436
237166,2402,415,0.4738159062979662,0.5261840937020338
1979012,2746,455,0.3646400645325425,0.6353599354674575
5496515,3729,029,0.5189032022231126,0.48109679777688746
7323605,3634,160,0.6716743209012954,0.3283256790987045
3795570,2912,D07,0.00921910150225791,0.9907808984977421
7980117,2496,726,0.2756002693125583,0.7243997306874417
1963679,3725,227,0.5261421450939876,0.47385785490601245
3772948,1646,435,0.7613440266211327,0.23865597337886732
3880356,3745,415,0.4322925817739621,0.5677074182260379
785774,2101,999,0.5045723695039501,0.4954276304960498
1879842,2901,D14,0.009068130069551317,0.9909318699304487
9001246,2169,707,0.5248718797987186,0.47512812020128137
4172064,3736,206,0.7442887166621984,0.2557112833378016
7882438,2892,257,0.3810637716084321,0.6189362283915679
10219402,2623,345,0.44251314849332224,0.5574868515066778
984804,1507,430,0.6067241242549961,0.3932758757450039
7839829,3902,001,0.9999923676490821,7.63235091798465e-06
4634948,2911,D01,0.030292641576891488,0.9697073584231085
15969181,3672,166,0.5603649116631615,0.4396350883368385
7930125,2667,382,0.30875028781637737,0.6912497121836226
6986203,2859,320,0.5153256944556714,0.4846743055443286
8444198,3671,404,0.519577602830191,0.4804223971698089
7366837,3901,001,0.9999863193972852,1.3680602714772279e-05
4698315,2891,438,0.4703140342669525,0.5296859657330475
9885996,1763,524,0.5632973742704205,0.4367026257295795
10220046,2921,D06,0.018080104707925204,0.9819198952920748
15599065,1786,428,0.5757213509925762,0.42427864900742385
6007749,1786,428,0.5757213509925762,0.42427864900742385
15478155,2486,348,0.4281327372111049,0.5718672627888951
4723986,1647,435,0.6917918046491023,0.3082081953508977
716339,3501,405,0.6125888998802772,0.3874111001197228
7436616,2921,D25,0.028982005085262275,0.9710179949147377
10247247,3662,701,0.3305234785718515,0.6694765214281485
8474991,2912,D09,0.01267110645222258,0.9873288935477774
6103867,1746,156,0.5838164426318241,0.4161835573681759
5941392,2874,349,0.3268076235308158,0.6731923764691842
10146944,2812,257,0.4539676916083195,0.5460323083916805
2346217,1723,366,0.63273655587636,0.36726344412364004
6659952,3629,705,0.8089630874023048,0.1910369125976952
2102959,2912,D14,0.009527844856746293,0.9904721551432537
224221,2401,206,0.6422884880736208,0.3577115119263792
7152876,1625,546,0.5947953046503573,0.4052046953496427
2036787,1733,425,0.5837686118868732,0.41623138811312677
16441391,2811,257,0.6168023095090628,0.3831976904909372
4856133,2617,370,0.6546058316329298,0.34539416836707015
10402901,2919,D06,0.034649578454646224,0.9653504215453538
6623163,2856,073,0.4370517773374216,0.5629482226625784
2593467,1761,426,0.6999417997055652,0.3000582002944348
5745381,2624,382,0.5545437895747299,0.44545621042527006
653092,3305,128,0.4920661417366152,0.5079338582633848
2324308,3748,418,0.4167168186053637,0.5832831813946363
7787027,2682,340,0.42756617576484646,0.5724338242351535
2154043,1626,514,0.6098142256354173,0.3901857743645827
4918268,2827,365,0.3912984562865841,0.6087015437134159
4667817,1797,435,0.6695848231335859,0.33041517686641403
3793478,2137,726,0.501404532786956,0.49859546721304404
9872175,2868,324,0.2945912523044121,0.7054087476955879
1447933,2901,D12,0.008636090181895484,0.9913639098181045
4852019,2913,D10,0.020636451256032196,0.9793635487439678
8817313,2163,707,0.4590217610008849,0.5409782389991151
4001674,2879,313,0.5989991646642732,0.4010008353357269
16437530,1783,428,0.6638485390259177,0.3361514609740824
6693060,2871,349,0.41924868497427636,0.5807513150257236
8576755,2118,700,0.5324402925528251,0.46755970744717495
5543674,2913,D10,0.020636451256032196,0.9793635487439678
1524727,3405,068,0.5861202417594303,0.41387975824056966
8623860,2837,318,0.35782232545706505,0.642177674542935
6003112,2819,341,0.3553068177459412,0.6446931822540588
9780004,1796,148,0.6424145455039272,0.3575854544960729
6463280,2124,706,0.5500185802405005,0.44998141975949946
15547334,1784,428,0.5677084798457166,0.43229152015428335
1884556,3306,604,0.5674682218236144,0.43253177817638555
2581710,2834,310,0.5389277769803205,0.4610722230196796
7171933,2827,365,0.3912984562865841,0.6087015437134159
3202120,2876,235,0.5225070812017727,0.47749291879822725
4119016,2836,361,0.44995878897564434,0.5500412110243557
5058935,2819,257,0.3079029067479202,0.6920970932520798
10222464,3775,606,0.418747658485648,0.581252341514352
14347536,2107,318,0.47304331476680284,0.5269566852331972
3243125,2845,315,0.45766832360633813,0.5423316763936619
7824519,2853,347,0.40395342325934425,0.5960465767406558
6586628,2162,707,0.42990158549856894,0.5700984145014311
5661658,2624,382,0.5545437895747299,0.44545621042527006
9566416,2845,343,0.44676722496162247,0.5532327750383775
3999260,3653,700,0.44457438925304804,0.555425610746952
9690457,2461,370,0.4193661487502207,0.5806338512497793
10435483,2665,382,0.27627327419906655,0.7237267258009334
7987900,2663,348,0.344979334361587,0.655020665638413
847965,3201,053,0.6413234255232239,0.3586765744767762
5146237,1771,508,0.6170742808810246,0.38292571911897544
10448725,2138,711,0.3656004160145754,0.6343995839854246
10355016,2411,370,0.3829297725221139,0.6170702274778861
16465445,1725,429,0.5736135653849916,0.4263864346150084
6266419,3674,166,0.4983966881761377,0.5016033118238623
274996,2605,073,0.5546522475660123,0.4453477524339878
8309477,3754,004,0.6229616623390356,0.3770383376609644
7342687,1612,424,0.6713846458948791,0.3286153541051208
3835547,2828,315,0.5086562828009311,0.49134371719906894
15303901,3723,451,0.5854641745671642,0.41453582543283585
9561052,2665,382,0.27627327419906655,0.7237267258009334
506312,2106,219,0.6286645738750672,0.37133542612493275
6926573,3667,701,0.23020433643894977,0.7697956635610502
9996203,3622,705,0.8609358359358585,0.13906416406414152
6324496,2913,D02,0.03551491900930648,0.9644850809906935
9463059,3644,244,0.4447608553806067,0.5552391446193933
3091239,1651,514,0.7273479209654401,0.2726520790345599
6771282,3902,001,0.9999923676490821,7.63235091798465e-06
7134163,2674,358,0.43796581431972814,0.5620341856802719
2516221,2877,356,0.5555276271876146,0.4444723728123854
14362397,5331,000,0.9997310898670633,0.000268910132936741
15236703,1724,205,0.64429075633465,0.35570924366534995
14506221,5331,000,0.9997310898670633,0.000268910132936741
941256,2102,320,0.49482087355554616,0.5051791264444538
6883270,2871,349,0.41924868497427636,0.5807513150257236
6712293,2649,455,0.3809526966614417,0.6190473033385583
1622372,3105,004,0.7521570703862296,0.2478429296137704
16388975,1616,424,0.6988537612347241,0.30114623876527585
3197396,1762,427,0.6152447081852901,0.38475529181470985
5099435,2853,347,0.40395342325934425,0.5960465767406558
8705887,2457,709,0.3723483213429094,0.6276516786570906
8323813,1729,429,0.5259087522891216,0.4740912477108784
149077,3406,123,0.6706595016498509,0.32934049835014917
7742349,2884,378,0.4717708051188675,0.5282291948811325
2671231,2185,710,0.5084973480367032,0.49150265196329684
8880682,3761,604,0.6305111424845348,0.36948885751546523
5594595,2684,340,0.46028331630999897,0.539716683690001
4184135,1633,435,0.7614369766764565,0.2385630233235435
5597028,2837,318,0.35782232545706505,0.642177674542935
9712088,2469,370,0.31596025628653646,0.6840397437134635
5264560,2128,703,0.5696261860781955,0.43037381392180446
1470586,1802,436,0.6760540827540995,0.3239459172459005
4298334,1731,131,0.6064150251201927,0.3935849748798073
9261445,3623,705,0.7909369975559457,0.2090630024440543
3431970,3652,414,0.5652724643866005,0.43472753561339955
6692950,2435,380,0.42379249893262305,0.576207501067377
6712007,3901,001,0.9999863193972852,1.3680602714772279e-05
2897419,2875,362,0.5415486987984375,0.45845130120156247
16007329,2143,715,0.6423508443054666,0.35764915569453337
6721746,3724,083,0.6408051946717911,0.3591948053282089
6150522,3748,123,0.4219527647323408,0.5780472352676592
4251790,3696,705,0.6776300212669328,0.3223699787330672
2822090,2673,345,0.43947988239781854,0.5605201176021815
5418033,1626,548,0.606821592493296,0.39317840750670396
3468837,3761,219,0.6448522054611321,0.35514779453886797
3868296,2883,385,0.5670969091443728,0.43290309085562717
5828745,3695,705,0.7086314126954814,0.2913685873045187
5173096,1614,514,0.8495052049659277,0.15049479503407232
4717675,2882,355,0.40968596447336103,0.590314035526639
991863,1107,502,0.47284402016318494,0.5271559798368151
9417918,2911,D23,0.010406645059874542,0.9895933549401255
3844484,3683,188,0.6869980424620774,0.31300195753792265
6695722,1789,442,0.7887157079188655,0.21128429208113453
7034630,2667,382,0.30875028781637737,0.6912497121836226
8787943,2156,707,0.42551190791972426,0.5744880920802757
517002,3206,241,0.6707918290496124,0.3292081709503876
4894903,3721,173,0.4783787282702384,0.5216212717297616
9815234,3763,062,0.5916830330071239,0.4083169669928761
6210763,3916,001,0.9999750667829266,2.4933217073444496e-05
7799241,2129,706,0.43998012209462944,0.5600198779053706
6087322,3765,036,0.5530980611868115,0.44690193881318857
4078447,2875,362,0.5415486987984375,0.45845130120156247
4417320,2617,455,0.6215104264794653,0.3784895735205347
7307694,3746,417,0.6198557221624369,0.3801442778375631
3997350,2915,D08,0.023946886726733396,0.9760531132732666
4525620,2853,347,0.40395342325934425,0.5960465767406558
4163665,2625,382,0.695737979437789,0.30426202056221097
14332969,1504,052,0.5745309241903391,0.42546907580966087
8926993,2138,711,0.3656004160145754,0.6343995839854246
6840965,1745,156,0.5558809230052241,0.44411907699477593
6865768,3676,166,0.47629865665852944,0.5237013433414706
14376072,5330,000,0.9987501210515936,0.0012498789484064502
7016980,3764,482,0.6506066904499961,0.34939330955000386
371138,3206,241,0.6707918290496124,0.3292081709503876
15398528,1621,562,0.5736435431434739,0.42635645685652607
8028371,2864,702,0.435473926658417,0.564526073341583
10549791,3600,200,0.9996399403603209,0.0003600596396790688
4265757,2446,709,0.38430000057008373,0.6156999994299163
6045419,3691,705,0.6092332240255424,0.39076677597445764
8383926,2158,707,0.5193554332207103,0.4806445667792897
15671741,2473,370,0.4159599471125962,0.5840400528874038
7951842,3775,606,0.418747658485648,0.581252341514352
5776626,2913,D06,0.01921734810914777,0.9807826518908522
8696474,3901,001,0.9999863193972852,1.3680602714772279e-05
3749587,3636,052,0.7246007586297075,0.2753992413702925
1710720,2714,348,0.4266217148003072,0.5733782851996928
9514764,2661,382,0.3554227363553476,0.6445772636446524
2479752,3626,024,0.6607661917908225,0.33923380820917753
9960698,2658,704,0.4936909276926681,0.5063090723073319
383946,3304,128,0.5101309892564463,0.48986901074355366
7850611,2915,D21,0.04045219942659828,0.9595478005734017
8839707,3671,037,0.5535218016751152,0.4464781983248848
7108268,3747,701,0.37405410785139204,0.625945892148608
10389644,3774,623,0.5535729999269776,0.44642700007302233
2379729,2774,345,0.44937564484777537,0.5506243551522246
2422400,3626,016,0.7361887957266158,0.2638112042733842
10337586,1744,425,0.600971987727407,0.399028012272593
8178893,3901,001,0.9999863193972852,1.3680602714772279e-05
8702649,3741,060,0.49332196276892837,0.5066780372310716
5710396,2617,455,0.6215104264794653,0.3784895735205347
1840775,3101,198,0.5384376980323125,0.46156230196768755
10441329,2899,257,0.30393054283583865,0.6960694571641614
2285781,1652,435,0.6878130003497323,0.3121869996502677
9469259,2899,257,0.30393054283583865,0.6960694571641614
2720605,1731,131,0.6064150251201927,0.3935849748798073
8869527,2919,D06,0.034649578454646224,0.9653504215453538
8745385,3692,705,0.6883653054885728,0.3116346945114273
7541093,2657,704,0.3579057269264023,0.6420942730735977
7403149,2173,715,0.5781412807226939,0.4218587192773061
7246537,2646,455,0.350473961980993,0.649526038019007
9023311,2851,716,0.4009059677559763,0.5990940322440237
554505,3405,431,0.5883716158092656,0.4116283841907344
606916,3307,101,0.6929673050100925,0.3070326949899075
6971862,2856,073,0.4370517773374216,0.5629482226625784
9294735,3678,403,0.45533345207080866,0.5446665479291913
7792365,1673,536,0.4966436780968835,0.5033563219031165
474702,3203,051,0.5939083196196497,0.4060916803803502
15849499,2684,340,0.46028331630999897,0.539716683690001
4273452,2872,359,0.5251790915557636,0.4748209084442364
4506858,2819,326,0.3584299365975192,0.6415700634024808
4109140,3644,244,0.4447608553806067,0.5552391446193933
7400892,2473,370,0.4159599471125962,0.5840400528874038
3867928,2612,340,0.614405791211132,0.385594208788868
8428991,2882,353,0.41118487779688495,0.588815122203115
6931661,3646,342,0.4715201213366519,0.5284798786633481
1275033,2406,073,0.7531306247535356,0.2468693752464643
3873910,3651,198,0.4376439620111646,0.5623560379888354
6471605,2859,320,0.5153256944556714,0.4846743055443286
3802076,3677,024,0.544358315827048,0.455641684172952
3964960,3677,411,0.5788858157799552,0.4211141842200448
2220849,3631,242,0.5334577035580692,0.46654229644193085
10031866,3685,705,0.8001601353685216,0.1998398646314784
9731719,1658,514,0.7361711923700032,0.2638288076299968
3029771,3626,705,0.8041095737202456,0.1958904262797544
7516097,2652,379,0.45701461936910404,0.542985380630896
3410489,3653,209,0.5187162409056099,0.48128375909439014
2767692,2814,438,0.5079348706626439,0.4920651293373562
15459957,3752,169,0.5923308951414948,0.40766910485850516
1305153,1204,556,0.6752335779133491,0.3247664220866508
3201879,1724,210,0.6761199431545317,0.3238800568454683
8102511,2822,257,0.3787665528775507,0.6212334471224493
6435295,1615,424,0.7151980914202243,0.2848019085797758
15022455,2812,438,0.5143510507952376,0.4856489492047625
5460980,3656,271,0.47484643028632756,0.5251535697136724
2903104,3732,433,0.6622471882378846,0.33775281176211536
8443508,2836,307,0.4228183717229027,0.5771816282770973
8197716,2837,318,0.35782232545706505,0.642177674542935
7232492,2496,726,0.2756002693125583,0.7243997306874417
2019108,3724,083,0.6408051946717911,0.3591948053282089
3208099,2833,439,0.5328072408797928,0.46719275912020725
6536459,2889,313,0.6297852355856202,0.3702147644143798
4145239,3681,192,0.6542796458700479,0.345720354129952
2124536,3616,493,0.5192888713717927,0.48071112862820736
2763124,3747,123,0.501621683662812,0.498378316337188
7848482,3675,277,0.4405934014651486,0.5594065985348514
14299578,2103,219,0.5057049743962897,0.4942950256037103
198871,2306,364,0.5025006453308587,0.49749935466914125
2297362,2735,340,0.4772687146173301,0.5227312853826699
1521809,1815,536,0.6811211497670389,0.3188788502329611
7432265,2474,370,0.3356361155497388,0.6643638844502612
1545608,2904,D16,0.018573358123874617,0.9814266418761254
5202549,2184,710,0.40312677651778517,0.5968732234822148
6747667,1637,435,0.6574328548624062,0.3425671451375938
7027187,3723,451,0.5854641745671642,0.41453582543283585
5264935,1795,252,0.6700659759466855,0.3299340240533145
1443055,2785,395,0.48176421418710125,0.5182357858128988
703489,3304,273,0.7453062063153175,0.2546937936846824
1981591,1713,526,0.5648766559150328,0.4351233440849672
10240279,3600,206,0.9998215739329562,0.00017842606704374155
1232846,2311,364,0.6027351215618519,0.397264878438148
9629393,3792,607,0.6444903131632442,0.3555096868367557
7565985,1622,560,0.4941675647598037,0.5058324352401963
15722038,3746,417,0.6198557221624369,0.3801442778375631
15008859,3766,607,0.5146867152628593,0.48531328473714075
8007223,3778,604,0.41203886529496514,0.5879611347050349
8020372,2693,345,0.39470896770101493,0.6052910322989851
3491186,2653,360,0.5327636361653505,0.46723636383464945
5720630,1623,548,0.7147886918008177,0.2852113081991822
3310493,2132,713,0.5286127668727714,0.4713872331272286
9646506,3792,600,0.6433973788942742,0.3566026211057258
5957599,2612,345,0.4403755765455982,0.5596244234544018
9393139,3645,367,0.46208635795332065,0.5379136420466794
826067,1806,435,0.7933770900280914,0.20662290997190863
2767517,1744,435,0.6980218297041663,0.30197817029583374
4657871,2885,362,0.6475046801893736,0.35249531981062643
4704238,2818,438,0.4141924895417969,0.5858075104582031
2602695,3673,405,0.6163329436875989,0.38366705631240106
4345481,2914,D12,0.01577728734034156,0.9842227126596584
14990532,2836,361,0.44995878897564434,0.5500412110243557
6505197,2813,257,0.38410068967286526,0.6158993103271347
7601154,1744,249,0.6983648173303549,0.30163518266964506
1959381,2911,D26,0.013782451694632991,0.986217548305367
9552896,3792,607,0.6444903131632442,0.3555096868367557
1596899,3509,403,0.6687694469217114,0.3312305530782886
69237,3305,128,0.4920661417366152,0.5079338582633848
6942903,2673,358,0.509970833177285,0.49002916682271497
4135481,2815,257,0.44754403304383505,0.552455966956165
8247590,1765,525,0.5378544204570244,0.4621455795429756
8820753,3783,604,0.6295652108227012,0.3704347891772988
3702041,1773,428,0.6046525861296842,0.3953474138703158
2366493,1722,249,0.6521416817839216,0.3478583182160783
2294589,2855,073,0.47652390092609476,0.5234760990739052
43269,1303,999,0.5129995855655504,0.48700041443444964
3146510,2642,455,0.5430422117217311,0.45695778827826894
1771785,3312,131,0.6325389912046644,0.36746100879533555
9209793,2877,356,0.5555276271876146,0.4444723728123854
426866,3405,126,0.6240422371860217,0.3759577628139783
1806333,2875,313,0.681801861220684,0.318198138779316
3243185,2897,257,0.27838650373992135,0.7216134962600786
747221,2403,200,0.5530483464003482,0.44695165359965183
4079769,1755,106,0.5902558396828848,0.4097441603171153
9327735,3746,418,0.6680141914219435,0.33198580857805643
9560816,1787,428,0.7382030237126945,0.26179697628730547
8331495,2896,257,0.42780711831925233,0.5721928816807477
6478596,2625,358,0.6446037271234571,0.35539627287654285
2588663,1624,544,0.5604772094931001,0.43952279050689996
4442081,2885,362,0.6475046801893736,0.35249531981062643
132844,3201,072,0.5479269530227339,0.45207304697726614
5881440,1721,430,0.4771092079307596,0.5228907920692404
3634070,3754,222,0.5709000355720653,0.42909996442793474
1576195,3104,209,0.6360872535569448,0.3639127464430552
8443059,2828,257,0.36511089758607396,0.634889102413926
2389047,2913,D10,0.020636451256032196,0.9793635487439678
1721393,2904,D18,0.019898660336395424,0.9801013396636046
3714077,3682,074,0.6291136295937326,0.3708863704062674
8744952,2474,370,0.3356361155497388,0.6643638844502612
2959741,2913,D14,0.02450205844357245,0.9754979415564276
2176359,2816,327,0.40779244538712645,0.5922075546128736
3178179,3676,070,0.61435360898102,0.38564639101897996
7673341,2129,706,0.43998012209462944,0.5600198779053706
1177460,3201,053,0.6413234255232239,0.3586765744767762
8725298,2897,257,0.27838650373992135,0.7216134962600786
7578301,1634,435,0.7752316080047226,0.22476839199527746
7076845,2493,713,0.3792652459335286,0.6207347540664714
15540835,2193,708,0.46753532746998894,0.5324646725300111
6821435,2823,438,0.3949596238174792,0.6050403761825208
2385993,1742,148,0.5644665258546223,0.4355334741453777
3457642,2151,709,0.6406656633532973,0.35933433664670267
16049326,1762,524,0.5870681707661036,0.4129318292338964
9849918,2914,D12,0.01577728734034156,0.9842227126596584
6954684,2912,D14,0.009527844856746293,0.9904721551432537
995171,3108,222,0.7121159578336214,0.28788404216637864
2061273,3721,053,0.547726420818104,0.45227357918189603
4553863,2914,D03,0.01909929786624942,0.9809007021337506
7089574,3671,404,0.519577602830191,0.4804223971698089
9789664,1745,264,0.5886618997205306,0.4113381002794693
6154514,2474,370,0.3356361155497388,0.6643638844502612
10443216,2653,381,0.41974434103764857,0.5802556589623514
