uspc_class,,examiner_art_unit,uspc_class,allowance
001,0,2921,001,0.017126337147455647
001,1,2847,001,0.015774593084726635
001,2,2842,001,0.01401683938623917
002,0,2902,002,0.7660214887645892
002,1,2901,002,0.7101583934354511
002,2,2915,002,0.47764043167881837
003,0,3307,003,0.9517435234814684
003,1,3305,003,0.9445209362636218
003,2,1502,003,0.9436509073420001
004,0,3638,004,0.6815230349683865
004,1,2856,004,0.5111655863251698
004,2,2899,004,0.45060687626042595
005,0,3765,005,0.6265094211546509
005,1,3645,005,0.6155906399167365
005,2,2687,005,0.6135883908178371
006,0,2902,006,0.9544436049885985
006,1,3303,006,0.6536864154084805
006,2,1305,006,0.6079472667200635
007,0,2902,007,0.8559368465275754
007,1,1504,007,0.42620112627038764
007,2,3711,007,0.37221864350197686
008,0,1401,008,0.9556907454900052
008,1,2901,008,0.8723167451849142
008,2,2686,008,0.7282586249974272
009,0,2407,009,0.9144340352349664
009,1,1205,009,0.8753831432609654
009,2,2201,009,0.8718908108891241
010,0,3204,010,0.713336418723236
010,1,3201,010,0.7020017499063624
010,2,3505,010,0.691426743608497
011,0,3204,011,0.8101418686651459
011,1,3202,011,0.8000918453749551
012,0,2901,012,0.8282264949120715
012,1,3765,012,0.5205334301264919
012,2,3641,012,0.46129846592237517
013,0,2103,013,0.9219626554434358
013,1,2102,013,0.9156061609472205
013,2,3401,013,0.9080496223824892
014,0,2901,014,0.8955219428079534
014,1,3616,014,0.5993908943656968
014,2,3678,014,0.5876047344634385
015,0,2902,015,0.8974781875794343
015,1,2901,015,0.8675750254765034
015,2,3638,015,0.7501707152521699
016,0,2901,016,0.8754111141428942
016,1,4127,016,0.5710846245824602
016,2,3641,016,0.5551368420911353
017,0,1302,017,0.955859136779846
017,1,1307,017,0.9400878846367885
017,2,3303,017,0.9348624361470133
018,0,2504,018,0.7366490152516111
018,1,1502,018,0.7001483054910611
019,0,2902,019,0.8180795040947211
019,1,3765,019,0.43109924383658016
019,2,3616,019,0.3700646270799978
021,0,3207,021,0.578969274432282
023,0,2901,023,0.9410381453834424
023,1,1302,023,0.7435214540877194
023,2,1504,023,0.7272288533520489
024,0,2901,024,0.9096345548737699
024,1,2837,024,0.6505044313394918
024,2,2831,024,0.6455689785728878
026,0,2901,026,0.8135780113610371
026,1,3765,026,0.49562486523862753
026,2,2407,026,0.42575573647672976
027,0,2901,027,0.8888681828428148
027,1,3778,027,0.5932515659540232
027,2,3633,027,0.5564303752806522
028,0,3765,028,0.4873006126963699
028,1,2407,028,0.4176332984651726
028,2,1504,028,0.4135367938705601
029,0,2904,029,0.780066816954318
029,1,2868,029,0.7737256812074188
029,2,2847,029,0.7481202541476198
030,0,3765,030,0.5405027020268776
030,1,3641,030,0.4812763151276689
030,2,2899,030,0.4785469008652784
032,0,3303,032,0.9304370205807345
033,0,2842,033,0.6768817413442074
033,1,2852,033,0.6725410086251249
033,2,2305,033,0.5998519638584414
034,0,2901,034,0.8699624481048378
034,1,2856,034,0.5997332774516383
034,2,2881,034,0.5781616411591468
035,0,2202,035,0.9016967550209904
035,1,3304,035,0.8937528196897154
035,2,1306,035,0.8896813875447415
036,0,3765,036,0.44689655095245995
036,1,2855,036,0.4066991921499618
036,2,2899,036,0.386641994186731
037,0,3716,037,0.6187403944079262
037,1,2884,037,0.6031688849376767
037,2,2837,037,0.5648660265762123
038,0,3765,038,0.47605610275300614
038,1,2407,038,0.4067210858122063
038,2,3742,038,0.3378618893724416
040,0,3638,040,0.5440236872948625
040,1,2848,040,0.40058826995965424
040,2,2854,040,0.36604395950224106
042,0,OPIM,042,0.6910991677210279
042,1,2884,042,0.560408498800265
042,2,2687,042,0.556559936866814
043,0,3638,043,0.5720161414311649
043,1,2856,043,0.39507511038743226
043,2,3645,043,0.3853070524558172
044,0,1672,044,0.5798668950192938
044,1,3641,044,0.5186093411691588
044,2,2899,044,0.5158787657201799
046,0,3303,046,0.9506271832229555
046,1,1305,046,0.9405388990758025
046,2,2403,046,0.9399894066288446
047,0,1663,047,0.4660125000956427
047,1,2884,047,0.4062356023574106
047,2,3645,047,0.4045109499503363
048,0,1302,048,0.5467384214486077
048,1,1736,048,0.48911239692684755
048,2,1774,048,0.48664435819143315
049,0,3638,049,0.8178207116538189
049,1,2856,049,0.6868732464959494
049,2,2689,049,0.6675054720660885
051,0,2855,051,0.5997656818828583
051,1,1766,051,0.572680623864066
051,2,1504,051,0.5671772830021776
052,0,3638,052,0.6701595864882192
052,1,OPIM,052,0.6274612159892269
052,2,2656,052,0.5299351334997257
053,0,2305,053,0.547889368939786
053,1,1302,053,0.4930295647531427
053,2,2899,053,0.48467859625355864
054,0,3641,054,0.3491729444682711
054,1,3616,054,0.3452573554085616
054,2,3647,054,0.3310605479768844
055,0,2882,055,0.658445422820657
055,1,2488,055,0.6260560568455135
055,2,3748,055,0.5993171180097481
056,0,2856,056,0.644979386423664
056,1,2838,056,0.6182307594733895
056,2,2855,056,0.6077765646011215
057,0,3765,057,0.5109185118354623
057,1,2844,057,0.4915092820703714
057,2,2899,057,0.4490398871600051
058,0,1502,058,0.8914567580720547
058,1,2401,058,0.8912060929607055
058,2,2102,058,0.880093040847673
059,0,2902,059,0.9190616620049934
059,1,2831,059,0.6059394414807086
059,2,2899,059,0.598850181087002
060,0,2867,060,0.756818682599581
060,1,4168,060,0.6868101224516291
060,2,3659,060,0.6800119930842353
061,0,3501,061,0.8271103007677567
061,1,3506,061,0.7966406601146682
062,0,2916,062,0.792763786560099
062,1,3648,062,0.5945626679944426
062,2,3765,062,0.5868073303461723
063,0,1504,063,0.38278771662206096
063,1,2835,063,0.3646032745879223
063,2,3711,063,0.33113072793383963
064,0,1504,064,0.9530931931314033
064,1,3402,064,0.9287128515677728
064,2,3405,064,0.9276425459660654
065,0,2847,065,0.6883310863018257
065,1,2842,065,0.6620410166976987
065,2,OPC,065,0.6298748500048249
066,0,3765,066,0.5046744417332472
066,1,2407,066,0.4346289011887569
066,2,1504,066,0.43048892029104524
068,0,2899,068,0.5406295374541563
068,1,1759,068,0.538091381346591
068,2,2407,068,0.5323101369553965
069,0,3765,069,0.4375179765795862
069,1,3641,069,0.38023810081564774
069,2,2407,069,0.3698338989650223
070,0,2475,070,0.6089490556627477
070,1,2478,070,0.5997472465652557
070,2,2457,070,0.5848556288957542
071,0,1302,071,0.522545994966115
071,1,3641,071,0.5169333349888934
071,2,2899,071,0.514202158064503
072,0,3716,072,0.6461082235053726
072,1,3765,072,0.6400771525045377
072,2,2856,072,0.6388453339852759
073,0,2866,073,0.7236141283641704
073,1,2867,073,0.6730657262934867
073,2,2847,073,0.6722176089722951
074,0,2866,074,0.7939423280125114
074,1,2200,074,0.7546727341616825
074,2,2852,074,0.7241064146492892
075,0,2688,075,0.6676611028786883
075,1,2855,075,0.599776039478721
075,2,1302,075,0.5876190709630872
076,0,2856,076,0.616027786571008
076,1,2855,076,0.5777771620204066
076,2,2831,076,0.5644966866307157
079,0,3747,079,0.5549251218779429
079,1,3726,079,0.5231063795763252
079,2,3202,079,0.4893801945932001
081,0,2887,081,0.5573393584147497
081,1,2856,081,0.5420654564518254
081,2,2838,081,0.5134126425975051
082,0,2669,082,0.6747992898853624
082,1,2899,082,0.6026346784111527
082,2,2302,082,0.5797482697547676
083,0,2914,083,0.7535208132133598
083,1,2915,083,0.6773631958067813
083,2,4168,083,0.5866079594815167
084,0,2915,084,0.7009751270259814
084,1,2656,084,0.6150076578526834
084,2,2887,084,0.5994165231994832
085,0,3204,085,0.9233780375511383
085,1,3505,085,0.9156229415451372
085,2,3502,085,0.9078864624181578
086,0,3641,086,0.5362848884406948
086,1,3644,086,0.4899738663308066
086,2,3658,086,0.48148650208575094
087,0,3765,087,0.6385832819912892
087,1,2105,087,0.5841574936268715
087,2,2407,087,0.5713919145157964
089,0,3648,089,0.5517979003567782
089,1,3765,089,0.543852127182612
089,2,2881,089,0.5203374710100613
090,0,3204,090,0.7939675166619916
090,1,3203,090,0.7527278472754879
091,0,2882,091,0.643994354021848
091,1,3748,091,0.5839451095923036
091,2,2899,091,0.5704695604785208
092,0,2844,092,0.6011167179457705
092,1,3748,092,0.5731606427682323
092,2,3633,092,0.5314964173289707
093,0,3204,093,0.9203667686472082
093,1,3201,093,0.916257071710355
093,2,3202,093,0.9155431697415174
095,0,2901,095,0.89025722616639
095,1,OPC,095,0.6903097341379797
095,2,1671,095,0.6742639117276936
096,0,2666,096,0.7153512790330078
096,1,OPC,096,0.7013846331124864
096,2,1671,096,0.6856513272866794
098,0,1504,098,0.942132206896175
098,1,1101,098,0.9129951950396935
098,2,3404,098,0.906148858387076
099,0,2852,099,0.6140830186273166
099,1,3667,099,0.5799256587446477
099,2,4149,099,0.5562014777816279
100,0,2915,100,0.7298328890841916
100,1,3765,100,0.6197521487683549
100,2,2856,100,0.6184922298350061
101,0,2868,101,0.5307168894748047
101,1,2852,101,0.46069666480350907
101,2,2305,101,0.38405065166069574
102,0,2200,102,0.6374558933036174
102,1,2856,102,0.5200284059481559
102,2,3645,102,0.5097744044638749
104,0,2837,104,0.6482504929658716
104,1,2872,104,0.6047289598934905
104,2,3651,104,0.5908758700968506
105,0,3678,105,0.6262204369497166
105,1,2858,105,0.6135535643545394
105,2,2833,105,0.5803398225620404
106,0,1671,106,0.7096130404618752
106,1,1672,106,0.6854368506624284
106,2,2837,106,0.6390904967144055
108,0,2887,108,0.6410916427946683
108,1,4128,108,0.5886902169572024
108,2,2899,108,0.568444169400678
109,0,2688,109,0.6510038911290935
109,1,2887,109,0.634399716166335
109,2,3641,109,0.564015446438662
110,0,3765,110,0.5448767233600196
110,1,2881,110,0.52136840134985
110,2,1776,110,0.4548806166785351
111,0,2882,111,0.6996041471663573
111,1,3641,111,0.6335258285798081
111,2,3616,111,0.6295057766845706
112,0,3765,112,0.5213248432942709
112,1,2407,112,0.45107283933147463
112,2,1504,112,0.4469000364936684
113,0,3201,113,0.8610590165613512
113,1,3202,113,0.8599464822790978
114,0,2856,114,0.5797534745963286
114,1,3645,114,0.5697196808777272
114,2,2307,114,0.5299557846666355
115,0,3105,115,0.7280034026468131
116,0,2847,116,0.65243536520311
116,1,2852,116,0.6201200879530052
116,2,1672,116,0.5449893265748987
117,0,2898,117,0.6085417747407598
117,1,1717,117,0.5685300648730729
117,2,1766,117,0.5647093597563944
118,0,2852,118,0.6231637995290751
118,1,OPC,118,0.594368337372368
118,2,2856,118,0.5442797732592027
119,0,2669,119,0.49120104112403434
119,1,2854,119,0.4711579709935932
119,2,3645,119,0.463345309137006
122,0,4124,122,0.6504586603591428
122,1,3748,122,0.5838771861191491
122,2,3641,122,0.5730786025817984
123,0,2842,123,0.7000662235400994
123,1,3765,123,0.6242821034213406
123,2,4159,123,0.62398820184661
124,0,3641,124,0.5417566501201818
124,1,2899,124,0.5390406700742367
124,2,3616,124,0.5374648958976076
125,0,3678,125,0.5135072357781472
125,1,2424,125,0.4944299263872653
125,2,3305,125,0.46852819665714635
126,0,2898,126,0.5391808316269212
126,1,2855,126,0.5219479294269469
126,2,3748,126,0.5148078841343293
127,0,1671,127,0.6474848914993583
127,1,1302,127,0.5666260917133483
127,2,1673,127,0.5481952598695014
128,0,3765,128,0.6260326943502909
128,1,2854,128,0.6225118054657057
128,2,2687,128,0.6131053562840172
130,0,3303,130,0.6867806412150128
131,0,1663,131,0.677677303589483
131,1,2831,131,0.5794066073146618
131,2,3616,131,0.570624305522765
132,0,2899,132,0.3689219956963542
132,1,3616,132,0.36744710735757813
132,2,3631,132,0.36682934562714475
133,0,3101,133,0.8106337823740752
134,0,OPC,134,0.6319247273880393
134,1,2882,134,0.5991923091247779
134,2,2856,134,0.5832218140411932
135,0,2656,135,0.5665717433819806
135,1,2919,135,0.5055106253992915
135,2,2899,135,0.4744975444905455
136,0,2847,136,0.5935402850033881
136,1,4141,136,0.5127128122271211
136,2,2848,136,0.512508877466635
137,0,LO125,137,0.7319408411639424
137,1,2856,137,0.6884034466751227
137,2,2689,137,0.6690847212172064
138,0,2882,138,0.6523372140601019
138,1,3765,138,0.6384364096308149
138,2,2855,138,0.5996901781905285
139,0,2848,139,0.5126069221360833
139,1,3765,139,0.4798203935210786
139,2,2899,139,0.4184854226082852
140,0,2105,140,0.5980751092257526
140,1,2407,140,0.5854335666086364
140,2,3678,140,0.5801477792914971
141,0,2200,141,0.7619061396843502
141,1,2852,141,0.7319209162191399
141,2,3667,141,0.7031515718755753
142,0,3711,142,0.31454180160847267
142,1,3204,142,0.2752167110759294
142,2,2201,142,0.2713078520175553
144,0,3638,144,0.7267436150780794
144,1,OPIM,144,0.6879595124970022
144,2,3765,144,0.5664535343652796
145,0,3204,145,0.7709598409736647
145,1,3203,145,0.726700149642173
147,0,2407,147,0.4511303711915155
147,1,3725,147,0.3296681161356075
147,2,3751,147,0.2698872534172673
148,0,2847,148,0.7436954078923986
148,1,2899,148,0.5883765905703896
148,2,3631,148,0.5861954082174723
149,0,2200,149,0.6504086790927537
149,1,3641,149,0.4761930767705775
149,2,2899,149,0.4734661776935236
150,0,2899,150,0.4051282030703556
150,1,1504,150,0.3930604879788965
150,2,2401,150,0.34558479310755863
151,0,3505,151,0.8332680120799517
151,1,3501,151,0.8049342509032383
152,0,2852,152,0.7111567586998527
152,1,2647,152,0.6451304555495677
152,2,2899,152,0.5824175315061372
156,0,1401,156,0.9589894983311298
156,1,2847,156,0.7253698057225033
156,2,2848,156,0.6553594430108093
157,0,3728,157,0.5851162853180046
157,1,3204,157,0.5533440303137531
157,2,3727,157,0.5329408278487892
159,0,3659,159,0.6620159207477679
159,1,1779,159,0.5578827761651964
159,2,1776,159,0.5570486272218825
160,0,3638,160,0.7411991917695266
160,1,2852,160,0.6596006437375104
160,2,3765,160,0.5845411321947652
161,0,1604,161,0.4912806098637257
162,0,1401,162,0.9500820655298954
162,1,3638,162,0.734263827716559
162,2,3765,162,0.5758102342116095
163,0,3726,163,0.7088302464187043
163,1,3725,163,0.6762886206418672
163,2,3206,163,0.5735273250739913
164,0,2200,164,0.713554646008147
164,1,2856,164,0.6055223066713235
164,2,2649,164,0.5542303750484792
165,0,2915,165,0.6862612367982702
165,1,2852,165,0.645082004533933
165,2,2305,165,0.5701930304097578
166,0,2847,166,0.8083371999321096
166,1,2842,166,0.7890679164651656
166,2,2856,166,0.7259406919958296
168,0,3616,168,0.38419335187687076
168,1,3647,168,0.36929855400587036
168,2,3644,168,0.3452427877409591
169,0,3633,169,0.5261135674824828
169,1,3762,169,0.5198813109875241
169,2,3635,169,0.5081508158817869
171,0,3765,171,0.600406052295529
171,1,2197,171,0.5381074574048434
171,2,3616,171,0.5380725055184907
172,0,2647,172,0.6494887087450937
172,1,2753,172,0.620659505955339
172,2,3641,172,0.5897013951338607
173,0,2847,173,0.7160000308430845
173,1,2838,173,0.5853053191409096
173,2,2855,173,0.5745699476122195
174,0,1401,174,0.9424822190627978
174,1,2686,174,0.6706193377576918
174,2,2847,174,0.6492233542359512
175,0,2847,175,0.8064595220027581
175,1,2848,175,0.7499963295968994
175,2,3659,175,0.740684489711925
176,0,2202,176,0.967943366789697
176,1,2203,176,0.9644013828327673
176,2,2201,176,0.9586739608609828
177,0,2856,177,0.6313945533861735
177,1,2844,177,0.6144128708597134
177,2,2855,177,0.5936650088804637
178,0,2686,178,0.7923019742351034
178,1,2847,178,0.7761721204781018
178,2,2842,178,0.7546505757611286
179,0,2305,179,0.974149120360313
179,1,2302,179,0.9637730830833423
179,2,2306,179,0.9637315259319683
180,0,4123,180,0.7398641280832319
180,1,2842,180,0.7188995763071132
180,2,OPC,180,0.6896078645873324
181,0,2688,181,0.5852982766358154
181,1,2856,181,0.5524403035348768
181,2,2854,181,0.5500487021113771
182,0,3638,182,0.6891497320448848
182,1,2307,182,0.4695981593577255
182,2,3641,182,0.4620937954951942
184,0,2852,184,0.7082033537268922
184,1,3748,184,0.5923270098556113
184,2,2837,184,0.5913644466349623
185,0,3638,185,0.739548724342088
185,1,2881,185,0.5593172535753512
185,2,2836,185,0.5132627716121949
186,0,3654,186,0.4484969327797031
186,1,3653,186,0.43593168038529667
186,2,3655,186,0.38753543263749496
187,0,2886,187,0.5963413815871453
187,1,2648,187,0.5515659245949933
187,2,2838,187,0.5348081386855228
188,0,2847,188,0.7207821805199539
188,1,2856,188,0.6185095599256574
188,2,2837,188,0.5723819185738591
190,0,3765,190,0.401680325368412
190,1,2837,190,0.35538250267888316
190,2,2407,190,0.3362263307134575
191,0,2838,191,0.6384314705534777
191,1,2831,191,0.6154476686312911
191,2,2836,191,0.6008742403081734
192,0,4167,192,0.7941893583048197
192,1,3659,192,0.6973287332245119
192,2,3641,192,0.6260190871332489
193,0,3659,193,0.708196742022146
193,1,3648,193,0.6977449008801676
193,2,3644,193,0.5942839072935076
194,0,2887,194,0.667315485995712
194,1,2105,194,0.601170462415074
194,2,2899,194,0.596636322336922
195,0,1302,195,0.9134930514088146
195,1,1205,195,0.8665246141778723
195,2,3404,195,0.8520556344590489
196,0,1774,196,0.6443555428259417
196,1,1798,196,0.6411352416712605
196,2,1306,196,0.6111199000766319
197,0,3307,197,0.7291196902919045
198,0,2868,198,0.7844880698056542
198,1,2852,198,0.7333046540510008
198,2,2886,198,0.6946243129151262
199,0,2203,199,0.611382529308894
199,1,3103,199,0.583882200204788
199,2,3725,199,0.5586387589711277
200,0,2911,200,0.8605034740792833
200,1,2913,200,0.7503843331287062
200,2,2847,200,0.7463413446601627
201,0,1779,201,0.5803550393990238
201,1,1774,201,0.5562765488650437
201,2,1798,201,0.5528122065399974
202,0,1671,202,0.6446145698746581
202,1,1779,202,0.5281644157446707
202,2,1776,202,0.5273217033173809
203,0,1671,203,0.6421761695593119
203,1,2899,203,0.5526781372059547
203,2,1766,203,0.545778172580769
204,0,1401,204,0.9542053509877745
204,1,1676,204,0.6295635145510843
204,2,4141,204,0.6290533455899223
205,0,2886,205,0.6188840452116009
205,1,1671,205,0.6176206907815942
205,2,2741,205,0.5937538222270183
206,0,2847,206,0.5931267039507111
206,1,2852,206,0.5590241974522216
206,2,2848,206,0.5120806241811504
208,0,2856,208,0.6146147015167015
208,1,3641,208,0.5584314396820553
208,2,3616,208,0.5541673371702495
209,0,2866,209,0.7508837604317387
209,1,2886,209,0.6294303406261942
209,2,3659,209,0.6180938287229195
210,0,3638,210,0.7156875870873635
210,1,1671,210,0.5835820650075307
210,2,1672,210,0.5554859789083165
211,0,3638,211,0.6812772534150069
211,1,OPIM,211,0.6392433405224519
211,2,2913,211,0.6295122901989065
212,0,2855,212,0.5989857572997653
212,1,3678,212,0.5651827220435054
212,2,3654,212,0.5355135499928387
213,0,2437,213,0.7217591350215664
213,1,3711,213,0.6889231864442432
213,2,3742,213,0.677432991559095
214,0,3101,214,0.8210331951187996
214,1,3106,214,0.812846642121931
214,2,3104,214,0.8039372317909041
215,0,2761,215,0.512288177949496
215,1,1302,215,0.5081268568247045
215,2,2899,215,0.49977225752056564
216,0,2847,216,0.7487555001747699
216,1,2854,216,0.6495814680979765
216,2,2884,216,0.6440460728752491
217,0,2401,217,0.3974950817088234
217,1,3728,217,0.3782600231576634
217,2,2122,217,0.3444188178621644
218,0,2848,218,0.7112137334688052
218,1,2838,218,0.6569531001597607
218,2,2837,218,0.6394762527032862
219,0,3638,219,0.7711943176300112
219,1,2867,219,0.7247060631227648
219,2,2852,219,0.6951635255611754
220,0,2847,220,0.652466341608457
220,1,2848,220,0.5747660794856022
220,2,2856,220,0.5411020651062267
221,0,2914,221,0.6910802115084367
221,1,3659,221,0.5015585400433425
221,2,2854,221,0.47728715626500073
222,0,2852,222,0.6426244553481971
222,1,4159,222,0.5659752953498225
222,2,2854,222,0.5625926397206982
223,0,3765,223,0.33686304857763105
223,1,2661,223,0.3095034919623856
223,2,3631,223,0.28200541593991163
224,0,2641,224,0.47794921302391086
224,1,2855,224,0.432134396368684
224,2,2837,224,0.4241568128711353
225,0,3765,225,0.5321785766275112
225,1,2823,225,0.43062856739243466
225,2,1506,225,0.37531266159152293
226,0,3648,226,0.5970075700792912
226,1,2854,226,0.585628769712214
226,2,2899,226,0.5281459794974631
227,0,3659,227,0.6841068642855581
227,1,3765,227,0.6660943730054745
227,2,2856,227,0.6649049812869113
228,0,2200,228,0.7291239796093298
228,1,2847,228,0.7253422948991346
228,2,2848,228,0.6553282514162686
229,0,1302,229,0.439949111385877
229,1,2899,229,0.4317315742992286
229,2,1504,229,0.4194301485244782
231,0,3303,231,0.2692486362460949
231,1,3643,231,0.2348630077523598
231,2,3732,231,0.22045379527658415
232,0,2887,232,0.5758183976807184
232,1,3633,232,0.47194164170913067
232,2,2683,232,0.44450876933640887
233,0,2407,233,0.9217507749021779
233,1,1303,233,0.8942177437566075
233,2,2402,233,0.8683650399322544
234,0,2604,234,0.5259702488355148
234,1,3632,234,0.48548001315839767
234,2,2692,234,0.45523870117345255
235,0,2847,235,0.710092818831936
235,1,2665,235,0.6634433548608777
235,2,2886,235,0.6379564528571535
236,0,2856,236,0.6478003536351238
236,1,2855,236,0.6107147230766354
236,2,3748,236,0.6038943284539029
237,0,3762,237,0.4565546364136678
237,1,2605,237,0.4340154268108667
237,2,3747,237,0.4251046535449293
238,0,3631,238,0.6057694575543695
238,1,1504,238,0.5958587815576424
238,2,3762,238,0.5744907706937332
239,0,2852,239,0.677318708837022
239,1,2886,239,0.6345649092684043
239,2,4124,239,0.6249803695564771
240,0,2101,240,0.6380748393194451
241,0,2911,241,0.8486538866716312
241,1,OPIM,241,0.7402414116611072
241,2,3716,241,0.6342050865693352
242,0,2852,242,0.6090379438944428
242,1,3659,242,0.5511543251723338
242,2,2305,242,0.532060484631683
243,0,3103,243,0.6767852457628223
244,0,2200,244,0.75462885508076
244,1,3648,244,0.6629999605249771
244,2,2856,244,0.6545888022663914
245,0,3765,245,0.6370270388245326
245,1,1504,245,0.5656018301001884
245,2,3741,245,0.479387816752416
246,0,3667,246,0.7521328364095206
246,1,2844,246,0.7014769644243808
246,2,3646,246,0.6564669004078771
248,0,3638,248,0.6835246645721182
248,1,2847,248,0.6269198058446002
248,2,2852,248,0.5937095127804048
249,0,3631,249,0.4671019671441594
249,1,3633,249,0.44123126389238165
249,2,3635,249,0.4235761876225639
250,0,2868,250,0.7321810420698392
250,1,2867,250,0.7044773887577516
250,2,2842,250,0.6780737744590235
251,0,2856,251,0.6887701828841333
251,1,2897,251,0.6627100484548375
251,2,2855,251,0.6536923341049092
252,0,2842,252,0.7121000058158883
252,1,1676,252,0.6681788142122417
252,2,1671,252,0.6661556572520801
254,0,3638,254,0.7461392704148123
254,1,2844,254,0.5719256617221223
254,2,2689,254,0.5679271190916841
256,0,2847,256,0.6462254248907949
256,1,2899,256,0.47364489995923514
256,2,3631,256,0.4714019493671667
257,0,2868,257,0.8425627398689238
257,1,2867,257,0.8235251031699018
257,2,2847,257,0.8229646366084051
258,0,2878,258,0.5081208844411954
258,1,3632,258,0.4632639502835479
258,2,3617,258,0.4140339534485101
260,0,1401,260,0.980460007626667
260,1,2200,260,0.8524348868698003
260,2,1663,260,0.8144419189586181
261,0,1672,261,0.6294341102238877
261,1,1302,261,0.5755472388271563
261,2,2836,261,0.5595996378220857
264,0,2847,264,0.6978840085401423
264,1,1663,264,0.6414387636336378
264,2,OPC,264,0.6402831591686969
266,0,2855,266,0.5926225750073953
266,1,2899,266,0.5722398902953372
266,2,4162,266,0.5648910754631215
267,0,3765,267,0.6085898173114093
267,1,3645,267,0.5974837393977422
267,2,2105,267,0.5528102961711935
269,0,2753,269,0.5887065467851194
269,1,2855,269,0.5749045042913229
269,2,2899,269,0.5543020350018684
270,0,3659,270,0.6572790192760481
270,1,2305,270,0.6397488760463473
270,2,2854,270,0.6350732836318448
271,0,2852,271,0.7526905876355029
271,1,3659,271,0.7058015724429432
271,2,2887,271,0.7004223599688046
272,0,3305,272,0.9249330132635363
272,1,3304,272,0.9197525940215531
272,2,3504,272,0.9157095172108076
273,0,2842,273,0.45560514853681744
273,1,3716,273,0.3795117995962283
273,2,2856,273,0.3720947646282854
274,0,2605,274,0.9276928044143636
274,1,2403,274,0.8999913397581583
276,0,3102,276,0.5020153059451999
277,0,2886,277,0.6996409370059657
277,1,2856,277,0.6703569758051764
277,2,2855,277,0.6343056821373436
278,0,2882,278,0.5347415498620367
278,1,2506,278,0.43853441504506085
278,2,3617,278,0.33980478592224966
279,0,2836,279,0.5139200287275231
279,1,2605,279,0.46446633173732055
279,2,3747,279,0.4554334434693442
280,0,4123,280,0.6526352210565641
280,1,OPC,280,0.5947572531966239
280,2,3667,280,0.5896630281609029
281,0,2914,281,0.5961060751573745
281,1,3638,281,0.5545214210796184
281,2,2899,281,0.32299482914685274
282,0,1504,282,0.9271707177071508
282,1,1503,282,0.9001561861800572
282,2,3204,282,0.8937217029903401
283,0,2914,283,0.719926154280748
283,1,3638,283,0.6843391535009115
283,2,2666,283,0.5817015407349532
285,0,3638,285,0.8022310601171865
285,1,2847,285,0.7593839672466691
285,2,2882,285,0.679238527715074
289,0,3765,289,0.5440043232096878
289,1,2407,289,0.47372068629375597
289,2,1774,289,0.4306320364188011
290,0,3638,290,0.727213773106737
290,1,2842,290,0.6478528193204748
290,2,2838,290,0.5372868615023809
291,0,2834,291,0.5110237925761748
291,1,3649,291,0.4781307361940135
291,2,3103,291,0.4640964584328682
292,0,3765,292,0.6479497963788788
292,1,2854,292,0.644518084644045
292,2,2687,292,0.6353387732944037
293,0,3651,293,0.536103344160941
293,1,3657,293,0.5247207969547846
293,2,3618,293,0.5122050071003732
294,0,3638,294,0.7532423454053232
294,1,2856,294,0.5986564705371608
294,2,2899,294,0.5391649651759463
295,0,1784,295,0.5177296557047494
295,1,1104,295,0.5001300144016047
295,2,3612,295,0.4925588022833639
296,0,2852,296,0.7307372075151689
296,1,3667,296,0.701892570836487
296,2,2661,296,0.6348679771783646
297,0,3638,297,0.8147518899805342
297,1,OPIM,297,0.7847595105454284
297,2,3667,297,0.7208038133656886
298,0,2506,298,0.6017863490244614
298,1,3651,298,0.5738820399597503
298,2,3612,298,0.5206552530596681
299,0,2899,299,0.7003820908368789
299,1,3678,299,0.6886728841964809
299,2,3307,299,0.6815533703222176
300,0,2819,300,0.6227799508984557
300,1,2817,300,0.590755653708646
300,2,3776,300,0.5511365718891159
301,0,OPC,301,0.5943749041575527
301,1,2856,301,0.544286529208608
301,2,3616,301,0.48210329994225276
302,0,3103,302,0.67680104365059
303,0,2838,303,0.5824553744397138
303,1,2837,303,0.563703745780098
303,2,2899,303,0.5510637155801701
305,0,3616,305,0.640215993981478
305,1,3618,305,0.5730421261507914
305,2,3663,305,0.5660774108299568
307,0,2868,307,0.767030903747362
307,1,2847,307,0.7409215637102345
307,2,2842,307,0.7172453442616145
308,0,3304,308,0.9713464788034292
308,1,2102,308,0.969730521285492
308,2,3103,308,0.967299000125013
310,0,2847,310,0.6916802810037621
310,1,2842,310,0.6655354495653111
310,2,2852,310,0.6611186036714763
312,0,2847,312,0.777060071059009
312,1,2848,312,0.715050456924242
312,2,2856,312,0.6864333863241143
313,0,2842,313,0.6015007656845973
313,1,2852,313,0.5967506610701949
313,2,2886,313,0.5504077724407711
314,0,2844,314,0.38792536376127457
314,1,2819,314,0.34406146711972346
314,2,2845,314,0.33235066752302156
315,0,2842,315,0.6960742722043622
315,1,2852,315,0.6918740017888245
315,2,2887,315,0.6330191440043941
316,0,3202,316,0.6003907754406536
317,0,2102,317,0.4347753475105116
318,0,2842,318,0.7543007263901057
318,1,2844,318,0.6691152558361662
318,2,2689,318,0.6654935719707317
320,0,2866,320,0.7919990141752744
320,1,2847,320,0.7489065801515777
320,2,2842,320,0.7256899184494214
321,0,2102,321,0.6319208988849121
322,0,2848,322,0.7417267521143526
322,1,2838,322,0.6907060271277636
322,2,2855,322,0.6812130998179724
323,0,2866,323,0.8222140645572258
323,1,2867,323,0.7843238604557402
323,2,2842,323,0.7626506395837016
324,0,2866,324,0.7264230692528754
324,1,4119,324,0.7060808187442411
324,2,2868,324,0.7054067414205486
325,0,2306,325,0.9299989047214036
325,1,2604,325,0.9275986208398089
325,2,2603,325,0.927328392966512
326,0,2842,326,0.7665370464451771
326,1,2497,326,0.7132334077725915
326,2,2741,326,0.7056078686990027
327,0,2866,327,0.7932454962268956
327,1,2868,327,0.7757780182661105
327,2,2847,327,0.7503298937617958
328,0,2504,328,0.8435755196714089
328,1,2506,328,0.8427592976691515
328,2,2607,328,0.8394200457756628
329,0,2842,329,0.7697010869330145
329,1,2844,329,0.687643970757543
329,2,2733,329,0.6473817522189158
330,0,3638,330,0.8445426375325218
330,1,2866,330,0.8436525110276019
330,2,2842,330,0.789432157338152
331,0,2842,331,0.7621704464477644
331,1,2655,331,0.7211771145210898
331,2,3648,331,0.7020008040876413
332,0,2842,332,0.7521137521060571
332,1,2844,332,0.666505279247099
332,2,2838,332,0.6569491980668745
333,0,2868,333,0.7958691688470282
333,1,2847,333,0.7720312238243511
333,2,2842,333,0.7502396433984956
334,0,2842,334,0.7428061102966562
334,1,2844,334,0.6554557418530752
334,2,2504,334,0.5990166842407197
335,0,2688,335,0.666328575227728
335,1,2856,335,0.6358969376122448
335,2,2844,335,0.6189975136751664
336,0,2847,336,0.6972592577376528
336,1,2854,336,0.5889180826123123
336,2,2844,336,0.573674343691188
337,0,2848,337,0.6234847449715145
337,1,2105,337,0.5358903235602485
337,2,2899,337,0.5311927810733006
338,0,2666,338,0.7346079654590975
338,1,2305,338,0.6806160245699814
338,2,2856,338,0.678315594397459
339,0,2407,339,0.9577068263736737
339,1,1504,339,0.9570183432609701
339,2,2103,339,0.9465677081733495
340,0,2911,340,0.8493874116213156
340,1,2868,340,0.7559085567538685
340,2,2686,340,0.7474164709740845
341,0,2686,341,0.804979569744072
341,1,2471,341,0.7812012872378833
341,2,2842,341,0.7689561831224626
342,0,2686,342,0.7218362045090384
342,1,2847,342,0.702290233306949
342,2,2471,342,0.6918017544212447
343,0,2866,343,0.7750255715948499
343,1,2200,343,0.7333616347114281
343,2,2847,343,0.729617172599388
345,0,3638,345,0.8750119469148306
345,1,2868,345,0.8624612541805691
345,2,2686,345,0.8569747936304639
346,0,2852,346,0.7648490476588963
346,1,2305,346,0.7036206005357802
346,2,2837,346,0.6597960535812246
347,0,2866,347,0.8391509586375342
347,1,2852,347,0.7803989414324697
347,2,2848,347,0.746327769507346
348,0,2911,348,0.8855967902889893
348,1,2866,348,0.8249825252699738
348,2,2686,348,0.8024390371611408
349,0,2847,349,0.8220869134077241
349,1,2852,349,0.8007275084671021
349,2,2886,349,0.7687420297248534
350,0,2200,350,0.9719520508658749
350,1,1504,350,0.9409217147277567
350,2,2504,350,0.9397530820298092
351,0,2852,351,0.6648789107000302
351,1,2665,351,0.647406510076943
351,2,2848,351,0.6215758183747396
352,0,2852,352,0.603750059472268
352,1,2882,352,0.5403590244671372
352,2,2878,352,0.4349295315840056
353,0,2852,353,0.649841655603986
353,1,2882,353,0.5888022666895357
353,2,2305,353,0.575295779223151
354,0,2607,354,0.9544169426027731
354,1,2851,354,0.9446503237473204
354,2,2101,354,0.9433416548948815
355,0,2852,355,0.6512613931079894
355,1,2886,355,0.6070580487721837
355,2,2882,355,0.5903134656382998
356,0,2866,356,0.7730816120703756
356,1,2200,356,0.7311825346913572
356,2,2842,356,0.703003293713281
357,0,2504,357,0.9503885869374077
357,1,2202,357,0.9428227608457914
357,2,1502,357,0.9411455495298428
358,0,2904,358,0.8305123354289307
358,1,OPIM,358,0.8138532573837314
358,2,2852,358,0.7811046436515539
359,0,2847,359,0.6774656484926688
359,1,2842,359,0.6507241196834606
359,2,2852,359,0.6462156532146685
360,0,2686,360,0.6804843185363939
360,1,2666,360,0.6148172616853729
360,2,2688,360,0.5816490709216787
361,0,3638,361,0.7670019974163578
361,1,2866,361,0.7657910109304437
361,2,2867,361,0.7199712488669366
362,0,3638,362,0.7987037637483416
362,1,2847,362,0.7553255483512212
362,2,2842,362,0.7324903961669819
363,0,2842,363,0.7037736883774132
363,1,2848,363,0.6585151746897332
363,2,2305,363,0.6296471176092683
364,0,2758,364,0.6349962325486316
364,1,2412,364,0.6266193776487167
364,2,2688,364,0.6136724154738871
365,0,2867,365,0.846515476211667
365,1,2842,365,0.8297351728380837
365,2,2848,365,0.7982033304918205
366,0,2852,366,0.6763095014333917
366,1,2838,366,0.5735748211037754
366,2,2899,366,0.5420404558135212
367,0,OAS,367,0.7105377419863164
367,1,2686,367,0.6799264155232986
367,2,2886,367,0.5814537080099144
368,0,2842,368,0.6933807329312347
368,1,2848,368,0.6473300496856511
368,2,2886,368,0.6471576580216319
369,0,2686,369,0.6037352808744633
369,1,2688,369,0.498650403797422
369,2,2655,369,0.4978648710365056
370,0,2686,370,0.7527536177754764
370,1,2471,370,0.7247846552048436
370,2,2842,370,0.7105520414957007
371,0,2305,371,0.61564611824362
371,1,2764,371,0.596683201446757
371,2,2411,371,0.5950289219281328
372,0,2686,372,0.7265239422522504
372,1,2847,372,0.7071737421851535
372,2,2665,372,0.6602792837171163
373,0,2884,373,0.5652222326602114
373,1,2855,373,0.5342503146944451
373,2,2202,373,0.4581761071625645
374,0,2842,374,0.6848768302599766
374,1,2852,374,0.6805928202789225
374,2,2886,374,0.6380410003173796
375,0,2911,375,0.883388300517605
375,1,2866,375,0.821839311890511
375,2,2904,375,0.8118497899112564
376,0,OAS,376,0.6514222882021258
376,1,3667,376,0.5258843127808427
376,2,3648,376,0.4894203959449194
377,0,2842,377,0.6925748458249693
377,1,2307,377,0.5659135436899465
377,2,2819,377,0.5511906516840973
378,0,2852,378,0.6159258001722557
378,1,3667,378,0.5818204733475616
378,2,2886,378,0.5701994237709122
379,0,2686,379,0.7595072446508581
379,1,2471,379,0.7320302976268418
379,2,2666,379,0.7029924708372681
380,0,2471,380,0.7337306036733875
380,1,2842,380,0.719781759696372
380,2,2666,380,0.7048027260454425
381,0,4195,381,0.7915251764210232
381,1,2686,381,0.7704910707442323
381,2,2847,381,0.7531950161785391
382,0,2866,382,0.8060319090895147
382,1,OPIM,382,0.7761948023225331
382,2,2867,382,0.7656757963523912
383,0,2307,383,0.39685545803278405
383,1,2899,383,0.38706201649339905
383,2,1622,383,0.37583076947499694
384,0,2686,384,0.8079662603945625
384,1,3659,384,0.7238921750605215
384,2,2856,384,0.7060696072355871
385,0,2847,385,0.6987683122761496
385,1,2842,385,0.6729403251998638
385,2,2665,385,0.6511917170453522
386,0,2665,386,0.7001529076442287
386,1,2412,386,0.6876290383081471
386,2,2655,386,0.6750138165610181
388,0,2855,388,0.5299477898276586
388,1,2837,388,0.5218238007579806
388,2,2858,388,0.4817968250922278
390,0,2604,390,0.6747240295642898
391,0,2402,391,0.3862819004181985
392,0,3667,392,0.6638072946806481
392,1,2856,392,0.6217381932076097
392,2,2838,392,0.5943398285380342
395,0,2686,395,0.6926987981210797
395,1,2665,395,0.6225177454160896
395,2,2758,395,0.617098514832354
396,0,2852,396,0.5733603963855406
396,1,2667,396,0.5152689898753973
396,2,2882,396,0.5090609577800197
398,0,2866,398,0.8397195215998163
398,1,2471,398,0.7961240093610487
398,2,2467,398,0.7573195892925425
399,0,2847,399,0.697959404214735
399,1,2852,399,0.667721133779421
399,2,2666,399,0.6557854995838914
400,0,3638,400,0.6455760484045907
400,1,2868,400,0.6199920293370111
400,2,2852,400,0.5520491484351171
401,0,2902,401,0.8935230427452336
401,1,3641,401,0.5272703441548924
401,2,2899,401,0.5245438565785767
402,0,2902,402,0.847463233260784
402,1,2901,402,0.8061232965822424
402,2,2914,402,0.6932083200532166
403,0,2902,403,0.9057954167377448
403,1,2901,403,0.8779883869239432
403,2,2914,403,0.7963546215243924
404,0,2902,404,0.9149158735536889
404,1,2901,404,0.8894724900975453
404,2,2911,404,0.8574773164562188
405,0,2847,405,0.733255840369822
405,1,2781,405,0.6205696576017159
405,2,4127,405,0.593623010080108
406,0,2702,406,0.915881622238483
406,1,2902,406,0.9043373970473177
406,2,2901,406,0.8761588344124857
407,0,2702,407,0.9513758110568106
407,1,2902,407,0.9444070591176161
407,2,2901,407,0.9270797727576107
408,0,2701,408,0.944063720545509
408,1,2902,408,0.9087657546105988
408,2,2901,408,0.8817210107649482
409,0,2902,409,0.9021720458982104
409,1,2901,409,0.8734449126387717
409,2,2899,409,0.5480031301425273
410,0,2902,410,0.9109082012506875
410,1,2901,410,0.8844177725384326
410,2,3616,410,0.5718603762216311
411,0,2702,411,0.930861763662974
411,1,2902,411,0.9211964938140406
411,2,2901,411,0.8974206788763801
412,0,2701,412,0.9270618995940484
412,1,2902,412,0.8823719081166046
412,2,2901,412,0.8488048929519543
413,0,2701,413,0.9261765089089985
413,1,2902,413,0.881013655873748
413,2,2901,413,0.8471261948991337
414,0,2701,414,0.9469625495456087
414,1,2902,414,0.9133259125117927
414,2,2901,414,0.8874655516663936
415,0,2701,415,0.9635435396655874
415,1,2702,415,0.9472731430077141
415,2,2902,415,0.939753637011757
416,0,2701,416,0.9561677035722497
416,1,2901,416,0.9059716316789853
416,2,2898,416,0.6635754954340063
417,0,2902,417,0.9255536305100885
417,1,2782,417,0.6858507473213216
417,2,3765,417,0.6768986797381715
418,0,2702,418,0.920662884640886
418,1,2902,418,0.9097101427506762
418,2,2901,418,0.882909275715733
419,0,2902,419,0.8844925306544035
419,1,2886,419,0.5951669167510154
419,2,3641,419,0.5044061551228275
420,0,2902,420,0.8811813203832549
420,1,2901,420,0.8473333359179107
420,2,3645,420,0.5440134066643931
421,0,2701,421,0.9896988425302762
421,1,2702,421,0.9849187659396407
421,2,2902,421,0.9826697740531247
422,0,2902,422,0.8981455473296058
422,1,2901,422,0.8684084974025202
422,2,OPIM,422,0.7148853492550434
423,0,2702,423,0.9120570881858217
423,1,2902,423,0.9000452739384405
423,2,2901,423,0.8707830650747203
424,0,1401,424,0.9539451447878581
424,1,2701,424,0.9369252567010143
424,2,2901,424,0.8677411122032589
425,0,2902,425,0.9118259324695018
425,1,2901,425,0.8855741025730633
425,2,2852,425,0.7058785232459166
426,0,1401,426,0.9235757765518906
426,1,2902,426,0.8364625594229703
426,2,2901,426,0.7928699417449874
427,0,2902,427,0.8751721529679939
427,1,2901,427,0.8399233063741529
427,2,OPIM,427,0.6659510367008401
428,0,1401,428,0.9489778440562897
428,1,2702,428,0.9006617546926935
428,2,2902,428,0.8872858413494809
429,0,2901,429,0.8979276354154002
429,1,4167,429,0.7826829678315318
429,2,4141,429,0.6932791010698189
430,0,2902,430,0.9148591157031397
430,1,2901,430,0.8894008112386166
430,2,2852,430,0.7137723944571382
431,0,2886,431,0.6300001531081092
431,1,3717,431,0.5566774872463431
431,2,3748,431,0.5520019606210285
432,0,2901,432,0.8832175160951369
432,1,2852,432,0.7010703542765419
432,2,4124,432,0.650597145377656
433,0,2852,433,0.6312167285805521
433,1,2886,433,0.5860874382528503
433,2,2667,433,0.5751660148053424
434,0,2902,434,0.8384933142072784
434,1,2901,434,0.7953095495207274
434,2,3638,434,0.6403928910209824
435,0,2912,435,0.8274956217171004
435,1,2918,435,0.7592860267316276
435,2,OPIM,435,0.657052134033991
436,0,1676,436,0.6039066709918586
436,1,2886,436,0.60300733473256
436,2,1671,436,0.601725219860662
437,0,1107,437,0.12676277098880642
437,1,2823,437,0.12249226551858518
437,2,2818,437,0.11415911125913897
438,0,2866,438,0.8232800088304413
438,1,2686,438,0.8005702368177503
438,2,2847,438,0.7849081780276356
439,0,2847,439,0.6950134205317612
439,1,2842,439,0.6690159812202304
439,2,2852,439,0.664621936519103
440,0,2838,440,0.6647229049861995
440,1,3748,440,0.6483384924555992
440,2,2899,440,0.6356472434372412
441,0,3641,441,0.47527618830798085
441,1,2834,441,0.4095335413540815
441,2,3711,441,0.40478237602717054
442,0,2847,442,0.5531623172052497
442,1,3765,442,0.43872974682557603
442,2,2129,442,0.418797973843041
445,0,2852,445,0.6396827414480031
445,1,2882,445,0.5780223959216391
445,2,2831,445,0.5088198787727762
446,0,3638,446,0.6212351794065555
446,1,2842,446,0.5309295862986776
446,2,3716,446,0.45271767528957074
447,0,2902,447,0.9397122835060492
448,0,2901,448,0.9283873779293421
449,0,3616,449,0.3878036819791299
449,1,3647,449,0.37285366243660095
449,2,3644,449,0.3486943508103839
450,0,3765,450,0.46335512833335135
450,1,2645,450,0.4580080834531062
450,2,2407,450,0.39447720463179875
451,0,2688,451,0.6464728536127952
451,1,2856,451,0.615275895947837
451,2,2855,451,0.5770018011868083
452,0,3641,452,0.6093149372311799
452,1,3616,452,0.6051948105408502
452,2,3644,452,0.5643728612746416
453,0,2887,453,0.6854808704609637
453,1,2648,453,0.6614829620406062
453,2,3654,453,0.574283953137623
454,0,2856,454,0.558567505556518
454,1,3641,454,0.5008492410557716
454,2,2899,454,0.4981154168182937
455,0,2686,455,0.7784680165961293
455,1,2847,455,0.7615870995013982
455,2,4123,455,0.7590956384007761
456,0,1201,456,0.5880197382504028
459,0,2902,459,0.9329324365364466
460,0,3765,460,0.7367861548621067
460,1,3718,460,0.6912699550507553
460,2,3616,460,0.6845494591400825
462,0,3638,462,0.6629233444248582
462,1,3718,462,0.43593264652476726
462,2,2876,462,0.3633916848459721
463,0,2666,463,0.6881643570400204
463,1,2665,463,0.6829634601601808
463,2,2667,463,0.6480317801844472
464,0,2899,464,0.6115952532858188
464,1,3631,464,0.6094554394863292
464,2,2407,464,0.6036187693857636
470,0,3716,470,0.56990115740756
470,1,2872,470,0.46805058947372336
470,2,3644,470,0.4581902667122176
472,0,2856,472,0.6226463781494224
472,1,3718,472,0.5702500032505243
472,2,3635,472,0.5181372925389093
473,0,2852,473,0.6018267358762278
473,1,3716,473,0.5297866026581196
473,2,2856,473,0.5219029409016362
474,0,2852,474,0.7179268747456605
474,1,3659,474,0.6673596088447566
474,2,2899,474,0.5904674580437552
475,0,4167,475,0.8173896306372538
475,1,3659,475,0.7277041450838373
475,2,4127,475,0.6744544355553108
476,0,2852,476,0.7542472812152975
476,1,3658,476,0.5852937847168258
476,2,3655,476,0.5317143190849347
477,0,3667,477,0.8329277864103077
477,1,3659,477,0.8191539790976006
477,2,1675,477,0.7724001579144474
482,0,4123,482,0.6919246006928154
482,1,3716,482,0.5961158694719002
482,2,2687,482,0.5764410399234923
483,0,3658,483,0.5150432978880445
483,1,3669,483,0.4802277686946804
483,2,3664,483,0.47800576507228837
492,0,2902,492,0.8764890745155549
492,1,2901,492,0.8415447701373042
492,2,2852,492,0.6222028386538894
493,0,3659,493,0.5645252191840159
493,1,2305,493,0.5455311589304548
493,2,2854,493,0.5405110155656407
494,0,2881,494,0.6478465282321291
494,1,2899,494,0.6120222427262526
494,2,2607,494,0.5874684227899548
499,0,2902,499,0.9439861019885496
499,1,2901,499,0.926537817064413
501,0,1671,501,0.7263641060965341
501,1,3641,501,0.6488217037923311
501,2,2899,501,0.6463260279031794
502,0,1676,502,0.648366655082725
502,1,2886,502,0.6475093447203604
502,2,1671,502,0.6462866471988872
503,0,2667,503,0.6841398296152967
503,1,1504,503,0.5959735907833845
503,2,1774,503,0.5576238960886579
504,0,1663,504,0.6532653536989537
504,1,1671,504,0.6351486524471379
504,2,1672,504,0.6081959227071045
505,0,2842,505,0.6355452546226082
505,1,2897,505,0.5229606026292823
505,2,2831,505,0.49939968270651414
506,0,2665,506,0.7059786601510463
506,1,1663,506,0.6979306073665184
506,2,1676,506,0.6829840525350795
507,0,1671,507,0.5979975662630259
507,1,1766,507,0.49898339391629537
507,2,1622,507,0.4940503592711958
508,0,1671,508,0.667021821907401
508,1,1672,508,0.6410931537586291
508,2,1768,508,0.5570706358371649
510,0,2866,510,0.6845707873515372
510,1,1672,510,0.5203171885462556
510,2,2856,510,0.5163720671948827
512,0,2746,512,0.592814328588625
512,1,1622,512,0.5562923863827883
512,2,1768,512,0.545273750298581
514,0,PCTL,514,0.5614138824126975
514,1,1663,514,0.5578484864325965
514,2,1676,514,0.5405336781114738
516,0,1674,516,0.5907888188090948
516,1,3641,516,0.5079141026630093
516,2,1717,516,0.5021030757927332
518,0,1671,518,0.5786318279456378
518,1,1672,518,0.5504590271770359
518,2,2899,518,0.4859624258025014
520,0,1765,520,0.4011639751481783
520,1,1762,520,0.36801711738057663
520,2,1205,520,0.3529835097301455
521,0,1401,521,0.9413052896102572
521,1,1671,521,0.5644986075434792
521,2,1672,521,0.5361383779985005
522,0,1672,522,0.6039373990385687
522,1,3641,522,0.5434260669358716
522,2,1717,522,0.5376526623000109
523,0,3641,523,0.5654888463475399
523,1,1759,523,0.5602847224391905
523,2,1717,523,0.5597684199039996
524,0,2847,524,0.677896448939537
524,1,2463,524,0.5996069892208008
524,2,1672,524,0.5731721575854422
525,0,1401,525,0.9518865665625027
525,1,1676,525,0.6173977546036398
525,2,1671,525,0.6152432663548703
526,0,1401,526,0.9577954571781085
526,1,1671,526,0.6471713103608542
526,2,1672,526,0.6205761701529631
527,0,1504,527,0.5008987012709629
527,1,1768,527,0.49044578892706076
527,2,1736,527,0.46413195690922504
528,0,1401,528,0.9498147650414069
528,1,2847,528,0.6812995247054228
528,2,1676,528,0.6068711838937945
530,0,2471,530,0.6989812756014374
530,1,1663,530,0.653960797507293
530,2,1676,530,0.637967153117694
532,0,1761,532,0.6963634824625056
532,1,1633,532,0.5599380163047029
534,0,1676,534,0.497397275229089
534,1,1671,534,0.4951196370398168
534,2,1672,534,0.46651121737761864
536,0,1401,536,0.9499593397329084
536,1,1663,536,0.6241404485506378
536,2,2467,536,0.6198503134464255
540,0,1671,540,0.5182599872935397
540,1,1672,540,0.48961113031014564
540,2,1675,540,0.43570899042810357
542,0,1107,542,0.9513797130756204
542,1,1205,542,0.9334923556098412
542,2,1102,542,0.9320058436260773
544,0,1663,544,0.6249612756669132
544,1,1676,544,0.6084298451456155
544,2,1671,544,0.6062570632183493
546,0,1671,546,0.5818158988178337
546,1,1672,546,0.5536917820256838
546,2,1675,546,0.4996410829649946
548,0,1676,548,0.5436669359173879
548,1,1671,548,0.5414056552434366
548,2,1672,548,0.5128393960439863
549,0,1671,549,0.5833238162182695
549,1,1672,549,0.5552235857358688
549,2,1675,549,0.5011912748982688
552,0,1676,552,0.5416359610668475
552,1,1671,552,0.5393731431874578
552,2,1672,552,0.5107946770064803
554,0,1671,554,0.5888730131362582
554,1,1672,554,0.5608652874124601
554,2,2899,554,0.49649604212850257
556,0,1671,556,0.6347683360106922
556,1,1672,556,0.6078048594575302
556,2,1766,556,0.5378109971749745
558,0,1676,558,0.5735697647031758
558,1,1671,558,0.5713398295345706
558,2,1672,558,0.5430644895530679
560,0,1671,560,0.6093077301165347
560,1,1672,560,0.5817032479389587
560,2,1675,560,0.5281540021917438
562,0,1676,562,0.6030406359192972
562,1,1671,562,0.6008575675732364
562,2,1672,562,0.5730743727105642
564,0,1671,564,0.553590649635518
564,1,1672,564,0.5251176516476954
564,2,3641,564,0.46326630593475143
568,0,1676,568,0.5902399800030447
568,1,1671,568,0.588034606188684
568,2,1672,568,0.5600124397949214
570,0,1671,570,0.5876868019539547
570,1,1672,570,0.5596586935451678
570,2,2899,570,0.4952717458405086
585,0,1676,585,0.6726373201428708
585,1,1671,585,0.6706279471483658
585,2,1672,585,0.6448305637463749
588,0,3641,588,0.49723446955498773
588,1,3678,588,0.4807112364079263
588,2,1768,588,0.4714966490044207
600,0,2924,600,0.8463232903358779
600,1,2866,600,0.8011852449684463
600,2,2868,600,0.784206070615982
601,0,3765,601,0.5950389400170409
601,1,2856,601,0.5937508118796616
601,2,2881,601,0.5720868058750269
602,0,3778,602,0.589204749232604
602,1,3641,602,0.5827957333614829
602,2,3307,602,0.5585124604017024
604,0,3638,604,0.7819860462560252
604,1,2866,604,0.7808306844751313
604,2,2868,604,0.7626282123643107
606,0,2847,606,0.7913102584070891
606,1,2842,606,0.770814484578163
606,2,PEA,606,0.7647699517508365
607,0,2847,607,0.7585547853656933
607,1,2655,607,0.692224338286303
607,2,2656,607,0.691414726117571
623,0,PEA,623,0.7691434150011414
623,1,2666,623,0.7621096095262417
623,2,1676,623,0.7372530964166203
700,0,3638,700,0.8033864713057641
700,1,2686,700,0.7776396718215456
700,2,2867,700,0.761415442244703
701,0,4167,701,0.8357443938536651
701,1,2842,701,0.7971951883408128
701,2,2758,701,0.7770618497673385
702,0,2866,702,0.789961827559202
702,1,2868,702,0.772296565282334
702,2,2686,702,0.7641967720342671
703,0,OPIM,703,0.706594877299102
703,1,2852,703,0.66279478412147
703,2,2665,703,0.6452716955178549
704,0,2665,704,0.6998769253036522
704,1,2688,704,0.6754146816895318
704,2,2655,704,0.6747254454418963
705,0,3638,705,0.6864563975760045
705,1,2867,705,0.6309894130832263
705,2,2471,705,0.6184420141375764
706,0,4123,706,0.6832351975330657
706,1,2666,706,0.6432094695056362
706,2,2412,706,0.6239214415763515
707,0,OPIM,707,0.8414725637836035
707,1,2666,707,0.8042023185617557
707,2,2758,707,0.7966755038748315
708,0,2842,708,0.7481383054705614
708,1,2758,708,0.724815980856482
708,2,2688,708,0.7063125969263444
709,0,2471,709,0.7326833885827253
709,1,2852,709,0.7146849729001654
709,2,2666,709,0.703687685687489
710,0,2471,710,0.7801847050819783
710,1,2842,710,0.7678996111505674
710,2,2852,710,0.7643559328978551
711,0,2686,711,0.8698666244879493
711,1,2842,711,0.843498699890541
711,2,2758,711,0.8269643661066115
712,0,2686,712,0.7933648713247026
712,1,OPIM,712,0.7880805735363858
712,2,2913,712,0.7809887698150995
713,0,OPIM,713,0.7859193509099685
713,1,2471,713,0.7662764351986839
713,2,2842,713,0.7534596638893061
714,0,2868,714,0.8361312060148296
714,1,2686,714,0.8298017012488054
714,2,OPIM,714,0.8252439557237896
715,0,2666,715,0.8218746743229636
715,1,2665,715,0.8183150739538915
715,2,2656,715,0.799648748215668
716,0,2842,716,0.7852547403727904
716,1,2852,716,0.7819007793886408
716,2,2886,716,0.7478450178069547
717,0,2758,717,0.7178983793881238
717,1,2129,717,0.6531807915222732
717,2,2783,717,0.6467466058273413
718,0,2467,718,0.7744081164347318
718,1,2669,718,0.7526427444728977
718,2,2497,718,0.7520547204572258
719,0,2454,719,0.6826918069854309
719,1,2448,719,0.6820675841701141
719,2,2436,719,0.6681621248020417
720,0,2686,720,0.4382056473038514
720,1,2688,720,0.33740067500993676
720,2,2656,720,0.33585102323073307
722,0,3101,722,0.587129550642499
725,0,2911,725,0.8454691724852985
725,1,2686,725,0.7416522946077219
725,2,2471,725,0.7129064817459699
726,0,2686,726,0.8280655589848117
726,1,OPIM,726,0.8234712118237278
726,2,2471,726,0.8064252032608311
733,0,3307,733,0.9099218443322256
800,0,1663,800,0.6568672663979707
800,1,1676,800,0.6409341984139696
800,2,1674,800,0.6326237012454662
802,0,2902,802,0.9365766686590618
803,0,2902,803,0.9329320217087742
806,0,2902,806,0.9375935762271191
806,1,2901,806,0.9183263090095488
807,0,2901,807,0.9138724198380479
808,0,2901,808,0.9138728567191952
812,0,2901,812,0.812087079178548
814,0,2901,814,0.9138724774783696
815,0,2901,815,0.9138724268752045
822,0,2901,822,0.9138723387840311
823,0,2901,823,0.9195723494915258
824,0,2901,824,0.9138728520376515
825,0,2901,825,0.913872619706935
83,0,3204,83,0.41498231608833225
850,0,2856,850,0.6545094138885068
850,1,2884,850,0.6468043137678203
850,2,2881,850,0.6340887163478798
901,0,2855,901,0.5673840892251086
901,1,1717,901,0.5436518183554124
901,2,2485,901,0.4804591642164272
902,0,2307,902,0.5337352612291157
902,1,2876,902,0.4541364962580234
902,2,3625,902,0.40068990840455637
903,0,3618,903,0.4640630147521086
930,0,1648,930,0.3257958302576293
930,1,1646,930,0.25281980415738425
930,2,3902,930,0.0009234218239972536
976,0,3646,976,0.5000801777663999
977,0,1671,977,0.7438920534060797
977,1,2881,977,0.6998825338938482
977,2,1675,977,0.6758202386936512
984,0,3727,984,0.3989922728539246
999,0,2702,999,0.9229706394113152
999,1,2902,999,0.9123061442074292
999,2,2901,999,0.8861794396747144
D00,0,2902,D00,0.9773460941248273
D00,1,2900,D00,0.11539802862879449
D01,0,2902,D01,0.9828211477720388
D01,1,2901,D01,0.9771774806229391
D01,2,2912,D01,0.9760369608415808
D02,0,2702,D02,0.9913577993516609
D02,1,2902,D02,0.9900593381413684
D02,2,2901,D02,0.9867615608537598
D03,0,2702,D03,0.9931713652045364
D03,1,2902,D03,0.9921432265934339
D03,2,2901,D03,0.9895294602894222
D04,0,2902,D04,0.9876421098098936
D04,1,2901,D04,0.9835557452443936
D04,2,2912,D04,0.9827283354672891
D05,0,2902,D05,0.9839696227201967
D05,1,2901,D05,0.9786950783947046
D05,2,2912,D05,0.9776286619344412
D06,0,2701,D06,0.9968568501012569
D06,1,2702,D06,0.9953828291553747
D06,2,2902,D06,0.9946858732451228
D07,0,2701,D07,0.9961054317033768
D07,1,2702,D07,0.9942810449878118
D07,2,2902,D07,0.993418875798874
D08,0,2701,D08,0.9959720880358576
D08,1,2702,D08,0.9940856081753656
D08,2,2902,D08,0.9931941773078112
D09,0,2702,D09,0.9921292902578688
D09,1,2902,D09,0.9909456842582612
D09,2,2901,D09,0.9879383667339834
D10,0,2701,D10,0.996620655864586
D10,1,2702,D10,0.9950364200965971
D10,2,2902,D10,0.9942874742847617
D11,0,2702,D11,0.9909532606749859
D11,1,2902,D11,0.9895946568623724
D11,2,2901,D11,0.986144880601838
D12,0,2701,D12,0.9961670855167641
D12,1,2902,D12,0.9935227831680339
D12,2,2901,D12,0.9913639684797679
D13,0,2701,D13,0.9942289624039287
D13,1,2902,D13,0.9902606343351582
D13,2,2901,D13,0.987028761398014
D14,0,2701,D14,0.9959743678970933
D14,1,2902,D14,0.9931980187717254
D14,2,2901,D14,0.9909319501419852
D15,0,2701,D15,0.9946336919974756
D15,1,2702,D15,0.9921253280532193
D15,2,2902,D15,0.9909411316533754
D16,0,2701,D16,0.9964530912381513
D16,1,2702,D16,0.9947907118104383
D16,2,2902,D16,0.9940049148823871
D17,0,2702,D17,0.9896161128169826
D17,1,2902,D17,0.9880591210959336
D17,2,2901,D17,0.9841084302647781
D18,0,2702,D18,0.9944135843007267
D18,1,2902,D18,0.993571267071895
D18,2,2901,D18,0.9914284723432594
D19,0,2702,D19,0.9943999570419871
D19,1,2902,D19,0.993555598417031
D19,2,2901,D19,0.9914076262516672
D20,0,2701,D20,0.9950642523410288
D20,1,2702,D20,0.9927556786338112
D20,2,2902,D20,0.9916654782931317
D21,0,2701,D21,0.9930987844042981
D21,1,2702,D21,0.9898802609657641
D21,2,2902,D21,0.9883624106553717
D22,0,2902,D22,0.9947426241373951
D22,1,2901,D22,0.9929875049711325
D22,2,2912,D22,0.9926311084782514
D23,0,2701,D23,0.9965394552887819
D23,1,2902,D23,0.9941505399011623
D23,2,2901,D23,0.9921993097346427
D24,0,2701,D24,0.9943930376345158
D24,1,2702,D24,0.9917731154672215
D24,2,2902,D24,0.9905364584173262
D25,0,2902,D25,0.9914143164275036
D25,1,2901,D25,0.9885608544777221
D25,2,2912,D25,0.9879822048462119
D26,0,2701,D26,0.9954063384721141
D26,1,2902,D26,0.9922412894749817
D26,2,2901,D26,0.9896598064154578
D27,0,2902,D27,0.9888933425832026
D27,1,2901,D27,0.9852145273037496
D27,2,2912,D27,0.9844692629513431
D28,0,2701,D28,0.9932593095988962
D28,1,2702,D28,0.9901149051947234
D28,2,2902,D28,0.9886318447736187
D29,0,2902,D29,0.9911181584061121
D29,1,2901,D29,0.9881674427389142
D29,2,2912,D29,0.9875691426049051
D30,0,2902,D30,0.9902034101410874
D30,1,2901,D30,0.9869527983423172
D30,2,2912,D30,0.986293932928899
D32,0,2701,D32,0.9964372871930852
D32,1,2902,D32,0.9939782683614202
D32,2,2901,D32,0.9919700369786264
D34,0,2701,D34,0.9935947760783904
D34,1,2902,D34,0.989195102818978
D34,2,2901,D34,0.9856147844544264
D48,0,2901,D48,0.8332928641283268
D59,0,2902,D59,0.9329321985717519
D87,0,2902,D87,0.9448642142077269
D92,0,2900,D92,0.34802185579414296
D96,0,2901,D96,0.9138711888025519
D99,0,2702,D99,0.9897263412417897
D99,1,2902,D99,0.9881856801911957
D99,2,2901,D99,0.9842761956240336
ENG,0,2201,ENG,0.6089582109341041
PLT,0,1663,PLT,0.9887717687742963
PLT,1,OPC,PLT,0.9887158887409858
PLT,2,3307,PLT,0.9808751172109728
XXX,0,2899,XXX,0.7943472853945985
XXX,1,2825,XXX,0.721408823390922
XXX,2,3723,XXX,0.6855537704040999
